Name;LoansAdvances;AssetRepos;LiabilityRepos;BankDeposits;OtherDepositsShortBorrowings;LongFunding;CustomerDeposits;LiquidAssets;Loans;Intangibles;NetInterestIncome;OperatingIncome;Equity;Goodwill;TotalAssetes
1ST SOURCE CORPORATION;21781;0;120459;120459;28936;151220;5357330;88996;4994553;88171;223866;327299;848636;83866;6623270
ABN AMRO BANK NV;23576793;18276592;9909510;23611618;n.a.;94990198;263988855;106118597;301185748;199965;7266150;9548899;24120518;123574;421335609
ABSA GROUP LIMITED;7964256;5004869;4497723;9808391;3695330;9505373;57477139;25997784;62297488;734374;3315451;5726267;9174904;60960;99759072
ABU DHABI COMMERCIAL BANK;6564033;283578;231738;1792739;818062;13700703;71366584;28871619;68078236;1452007;2039081;3194384;15166138;1255731;110315772
ACLEDA BANK PLC;120101;n.a.;n.a.;285175;n.a.;735191;4082723;1009656;3846021;9000;326670;385242;964462;n.a.;6175162
AGRICULTURAL BANK OF CHINA LIMITED;210177900;101409903;7613711;356519962;85572062;121824101;2653908806;666227416;1834780289;3506369;69682410;86739086;280486902;197653;3560653752
AHLI BANK QSC;800360;n.a.;n.a.;1220668;5495;1959783;7005454;1203767;8678876;n.a.;227015;305084;1637009;n.a.;12064528
AHLI UNITED BANK BSC;4683260;n.a.;2891532;7915447;n.a.;74462;25518123;9278162;20742360;487155;951500;1235529;5361529;432417;40280051
AIB GROUP PUBLIC LIMITED COMPANY;1724419;n.a.;n.a.;924558;1404250;8210930;80663480;33415529;68401570;1030158;2332178;3003971;15985980;78638;110724536
AKBANK T.A.S.;7614796;4586288;1674490;2839452;n.a.;9041209;40019304;19795031;38000345;160320;2848925;3523501;9167436;n.a.;65143750
AL AHLI BANK OF KUWAIT (KSC);1472859;n.a.;n.a.;1980059;n.a.;499027;10954533;4836407;10611107;60518;421155;569226;2280023;n.a.;16113167
AL KHALIJ COMMERCIAL BANK P.Q.S.C.;2129978;n.a.;1136236;3043984;329018;1222365;8019536;4185359;8466139;36521;269150;323547;1923960;32057;14771358
ALLY FINANCIAL INC;2863000;0;0;0;12199000;27359000;120751000;3484000;127126000;462000;4258000;7447000;14416000;393000;180644000
ALM. BRAND A/S;49581;n.a.;n.a.;125526;n.a.;112494;1571623;4630986;825956;28011;98713;392756;685451;n.a.;6261028
ALPHA BANK AE;3743943;1308705;7072377;11527524;n.a.;1453558;45345231;14596128;44111721;553101;1738201;2606506;9521477;n.a.;71288282
AMERICAN EXPRESS COMPANY;20694000;87000;0;0;15134000;49926000;75407000;24307000;146380000;3582000;8620000;43579000;23128000;3315000;198314000
AMERIPRISE FINANCIAL, INC.;n.a.;n.a.;n.a.;n.a.;750000;2791000;14430000;6213000;5243000;1280000;-1019000;12084000;5729000;1167000;151828000
AMERIS BANCORP;375864;24413;20635;20635;1135880;432650;14027070;622098;14437021;1126258;505166;694848;2469584;931637;18242600
AMMB HOLDINGS BERHAD;195459;n.a.;1476516;3805841;n.a.;1579300;26256063;11151500;24625434;758049;450579;982108;4546203;653042;39326690
AMUNDI SA;1331733;n.a.;n.a.;917508;n.a.;535654;n.a.;14042297;n.a.;6961533;-15022;3013529;9998587;6416573;27255221
ANNALY CAPITAL MANAGEMENT INC;n.a.;n.a.;101740728;101740728;1469833;2985867;n.a.;1850729;11464810;470850;1002422;-2026351;15796344;71815;130295081
AOZORA BANK LTD;1271196;653275;2843450;3199733;434591;6325161;30815631;5542447;26681905;176725;448850;1125649;3907617;n.a.;48756349
ARAB BANK PLC;4572149;n.a.;n.a.;3761895;3082753;428816;33154995;11592656;23990249;29820;1341291;2230830;9102451;n.a.;51214844
ARAB NATIONAL BANK PUBLIC JOINT STOCK COMPANY;2781598;2230133;n.a.;821915;n.a.;741021;37901041;4663006;31689901;n.a.;1480784;1798963;7558210;n.a.;48917996
ARION BANKI HF;148200;n.a.;n.a.;49414;n.a.;2682312;4070322;1771140;6391041;69092;250347;396350;1567506;5524;8933568
ASIA COMMERCIAL JOINT-STOCK BANK;1310369;n.a.;n.a.;831292;35927;870442;13307251;1717326;11494919;45309;523090;697189;1199109;n.a.;16562922
ASSOCIATED BANC-CORP.;215364;7740;433097;433097;637562;3174142;23779000;588744;22771309;1331837;835674;1216198;3922125;1176230;32386500
ATLANTIC UNION BANKSHARES CORPORATION;274464;38172;66053;66053;431703;1082044;13308520;437514;12624011;1009229;537969;670683;2513107;935560;17563500
ATTIJARIWAFA BANK;2534732;96093;2617331;4913569;n.a.;3816823;34889381;16321160;33652040;1341150;1557003;2448199;5621173;1033372;55518673
AUSTRALIA AND NEW ZEALAND BANKING GROUP LIMITED;49602450;27186997;5351282;65007717;7971919;87528455;370073989;149318249;415237621;3280689;9677391;12677996;41029870;2339878;662169357
AVANZA BANK HOLDING AB;189907;n.a.;n.a.;n.a.;n.a.;20002;3914273;2461261;1409353;8173;21722;127429;209156;2473;16769219
AXIS BANK LIMITED;2335217;n.a.;n.a.;6609937;n.a.;19043503;80113999;13605132;76698041;n.a.;3411744;5480464;11468190;n.a.;123082936
AXOS FINANCIAL, INC;959338;100;0;0;80000;241055;10114330;1027915;10180909;141795;452392;532687;1160752;71222;12269300
AZIMUT HOLDING SPA;300029;n.a.;n.a.;68332;n.a.;957670;52462;7837314;205186;712620;-15251;848252;866738;601269;9272160
BANCA GENERALI SPA;704649;n.a.;n.a.;106506;n.a.;0;11693670;4488278;7948992;150687;83148;662494;1030908;n.a.;13217446
BANCA MEDIOLANUM SPA;740710;n.a.;n.a.;265602;n.a.;76630;26802576;30351877;27621030;228557;342852;1586811;2632253;n.a.;60031830
BANCA PICCOLO CREDITO VALTELLINESE;2062387;n.a.;n.a.;3254482;n.a.;1417689;19891938;3587119;21932969;22134;390340;711523;1860678;n.a.;27343552
BANCA POPOLARE DI SONDRIO SOCIETA COOPERATIVA PER AZIONI;1199182;n.a.;n.a.;4861748;n.a.;3150858;33496410;7143314;37221167;35034;517185;1039745;3299224;n.a.;46223623
BANCFIRST CORPORATION;1647240;1000;1100;1100;524;31900;7483636;1869283;5618903;171212;282156;420285;1004989;148604;8565780
BANCO BBVA ARGENTINA S.A;86316;n.a.;n.a.;105825;n.a.;122413;4914026;3524769;3230687;9858;428421;1477331;1092442;n.a.;7362988
BANCO BBVA PERU;1416050;n.a.;1069959;2740491;39117;1708612;16493657;5075513;16757190;87109;1032479;1486825;2770207;397;24676795
BANCO BILBAO VIZCAYA ARGENTARIA SA;15362493;2070426;3626335;62050991;2187260;85123377;431030549;223098224;430773291;7824480;20448124;29825143;61703860;5566446;784908244
BANCO BPI SA;1367323;447019;594977;3676728;n.a.;1526362;25847892;5296273;24666434;73974;490110;862294;3860156;n.a.;35737093
BANCO BPM SPA;12171496;n.a.;n.a.;32043110;n.a.;17649412;105711827;33135577;137405956;1425999;2244499;4728852;13353946;n.a.;187650691
BANCO BRADESCO SA;14603482;11979494;43199925;49889584;6798256;49867962;91271584;77927980;85688740;2859177;19661325;43005459;33181117;962430;337246976
BANCO BTG PACTUAL SA;6009544;5618729;7437371;8182573;n.a.;7850337;5430826;17997538;8022894;242088;-198665;2260387;5446744;242088;41275424
BANCO COMERCIAL PORTUGUES, SA;1363641;n.a.;48641;7177313;199075;3364832;66398596;23524182;56394893;272571;1739616;2842739;8292100;170832;91718193
BANCO DE CHILE SA;3438273;191143;414620;3196746;n.a.;12032214;29790701;8233670;39273929;78304;1884667;2713975;4738287;n.a.;55428721
BANCO DE CREDITO DEL PERU;1239822;873642;1751158;1813012;n.a.;6932174;30003972;3948292;30276443;424058;2455981;3588599;5740917;83380;45461662
BANCO DE CREDITO E INVERSIONES - BCI;3586350;263242;1221282;8115836;28439;9671970;37003379;8501349;44466756;542847;1774723;2550555;5093229;194069;67600416
BANCO DE OCCIDENTE;219244;n.a.;n.a.;1170974;n.a.;1013337;8720687;2079814;8893376;89219;574366;838865;1478143;6898;12925638
BANCO DE SABADELL SA;16428794;13526778;9614612;36495988;1229249;28808033;164478203;43101569;165791072;2881502;4069399;6159125;14575446;1159151;251364808
BANCO DEL BAJIO;2551843;371500;317481;2591270;n.a.;159351;7732632;3135865;8920521;20854;660752;793252;1680110;5306;12620190
BANCO DO BRASIL S.A.;106283134;96963449;100333818;107643562;n.a.;87730100;120344978;153287983;143797120;1469082;13349303;22264504;27287506;n.a.;360355022
BANCO INTER SA;813075;n.a.;n.a.;241682;324;478044;1169807;1058444;1131938;19664;126577;182960;535875;n.a.;2494542
BANCO INTERNACIONAL DEL PERU S.A.A. - INTERBANK;795087;518560;584495;1097192;124359;2151096;10283661;3096664;10482569;123608;864144;1235183;1819249;n.a.;15782472
BANCO MACRO SA;519074;18196;16767;59583;n.a.;499025;4391222;2647023;3613709;35507;1212367;1710687;1502047;n.a.;7165244
BANCO SANTANDER (BRASIL) S.A.;27104321;n.a.;24934278;39149184;n.a.;34600726;68983617;73176740;81064855;7591818;10997520;15004047;24120781;7040769;189136109
BANCO SANTANDER (MEXICO) S.A., INSTITUCION DE BANCA MULTIPLE, GRUPO FINANCIERO SANTANDER;2447201;979241;10706068;16352652;n.a.;4649035;33504818;12536349;35843239;468714;3520950;4749008;7359699;92066;74925923
BANCO SANTANDER CHILE;1789068;n.a.;510401;4160674;n.a.;12972009;31546627;11019569;42448903;98559;1902936;2575049;4671514;n.a.;67920168
BANCO SANTANDER SA;45995360;n.a.;n.a.;171845352;98457010;229672360;886865768;412128224;1053100861;31103572;39636917;57705680;124314304;27237953;1710595340
BANDHAN BANK LIMITED;266362;n.a.;n.a.;1141042;n.a.;1875838;6727737;1108019;8838516;n.a.;838872;1033896;2015690;n.a.;12166439
BANGKOK BANK PUBLIC COMPANY LIMITED;6959342;n.a.;n.a.;4455329;n.a.;4798070;78622804;18042453;62712941;58367;2356934;4381455;14197663;n.a.;106677162
BANGKOK COMMERCIAL ASSET MANAGEMENT PUBLIC COMPANY LTD;45729;n.a.;n.a.;n.a.;n.a.;2510033;n.a.;45885;2587511;528;232386;238660;1229227;n.a.;3839944
BANK ARTOS INDONESIA, PT;43;n.a.;n.a.;2009;n.a.;n.a.;43096;1877;18105;12;827;946;49002;n.a.;95033
BANK DANAMON INDONESIA TBK;616914;268500;n.a.;322467;1009040;708203;7898128;1169036;9839607;115696;1048802;1294313;3267176;77299;13922301
BANK FUR TIROL UND VORARLBERG AG;526267;n.a.;n.a.;1696918;n.a.;1168823;8443381;2748554;8917894;1666;157151;417900;1965212;n.a.;14097765
BANK HANDLOWY W WARSZAWIE S.A.;314901;172686;56385;559680;n.a.;37725;10476815;6050742;5776113;380003;303796;591288;1862879;328087;13686847
BANK HAPOALIM BM;1526910;136285;868;1019387;n.a.;7769965;104840856;27546296;85333044;327546;2721933;3970486;11059317;n.a.;134168981
BANK LEUMI LE ISRAEL BM;3767940;425347;137731;1924769;n.a.;5774884;108205729;23497396;81950810;259259;2558160;3998264;10380208;4630;135744791
BANK MANDIRI (PERSERO) TBK;2246879;140663;272071;1235876;2039066;4222212;61154454;8341122;63096521;238924;3982514;6037537;15037368;30438;94831013
BANK MEGA TBK;616546;284982;283037;726249;n.a.;n.a.;5236325;1003172;3793598;n.a.;257789;429016;1118008;n.a.;7251550
BANK MILLENNIUM;260609;54096;23886;439624;154689;680303;21448445;6874470;18367679;90226;641683;931825;2354456;42857;25819822
BANK MUSCAT SAOG;2135368;n.a.;n.a.;3051961;n.a.;1436151;20919808;4736528;23089834;n.a.;756515;1228013;5208416;n.a.;31965171
BANK NEGARA INDONESIA (PERSERO) TBK, PT;1665945;29598;157068;990409;17840;4321452;41906369;6509273;38836192;n.a.;2413255;3661657;8992440;n.a.;60830511
BANK OCBC NISP TBK;373940;33344;643752;1118571;76624;215583;9072833;1415629;8232270;n.a.;454085;600784;1990130;n.a.;12999563
BANK OF AFRICA;3718874;1493815;1479233;4786074;n.a.;2828672;21053949;9067173;18072534;220080;1033443;1513041;2897480;107588;32913857
BANK OF AMERICA CORPORATION;412113000;274597000;165109000;165109000;101396000;216706000;1434806000;682918000;1019182000;72157000;49667000;90364000;264844000;68951000;2434080000
BANK OF AYUDHYA PUBLIC COMPANY LTD.;3871991;n.a.;n.a.;8361113;n.a.;5825662;51962759;12186222;58200439;560556;2534423;3817902;9024197;409730;78251364
BANK OF BARODA;18121766;n.a.;n.a.;13111493;n.a.;6627327;122062343;22664363;88436623;29702;3827613;5306025;10146522;29702;159173282
BANK OF BEIJING CO LTD;19069844;4521969;3304852;118615714;n.a.;13198941;221143550;64162444;201373692;77716;7095892;9035208;29907399;n.a.;391733215
BANK OF CHANGSHA CO LTD;2033383;852809;2003953;20806371;n.a.;2551292;56106583;14328611;36094271;88033;1757234;2435810;5987294;n.a.;86159687
BANK OF CHENGDU CO LTD;3122272;n.a.;2280497;16563092;n.a.;2329178;55348398;15877939;31989510;5166;1477180;1821248;5099483;n.a.;79917808
BANK OF CHINA LIMITED;200303276;22096322;25391441;512044650;n.a.;103339057;2263853993;713776721;1823876468;3283383;53563761;75143838;282910545;384428;3258872733
BANK OF CHONGQING;8770108;7217250;1921512;22707608;n.a.;2431542;40224547;18681832;34152974;29563;1265082;1710933;5526502;n.a.;71737779
BANK OF COMMUNICATIONS CO. LTD;92855159;2226277;15293831;272517816;73333762;58717904;869172455;262257762;741899664;534421;20621583;31690997;114628881;61543;1417718607
BANK OF EAST ASIA LTD;7997945;n.a.;n.a.;3584821;9530628;1845383;73651856;34897650;64894825;247335;1862078;2607679;14079620;189290;111108001
BANK OF GUIYANG CO LTD;2203125;907408;396584;22540881;n.a.;2650495;48315791;15640684;28120072;24861;1730099;2099334;5771745;n.a.;80205995
BANK OF HANGZHOU CO LTD;14267265;5899405;5380397;42100371;n.a.;4835439;88732845;29100367;56888860;163611;2234596;3064134;8951567;n.a.;146567926
BANK OF HAWAII CORPORATION;259553;0;604306;604306;75336;118439;15784480;600122;10919935;56539;503022;681015;1286833;31517;18095500
BANK OF INDIA;8892740;n.a.;n.a.;7322483;n.a.;2769147;69119321;12798848;47856147;38826;2042731;2856073;5999075;n.a.;87949978
BANK OF IRELAND GROUP PLC;1905286;n.a.;224680;2693913;n.a.;12020378;93284877;41987070;89295684;941409;2420927;3371323;11720431;40442;148157343
BANK OF JIANGSU CO LTD;10338021;881570;5643949;90392766;n.a.;9932348;172543643;44688288;151535161;90967;3654881;6436813;19527110;n.a.;295557230
BANK OF KYOTO;939494;n.a.;3952383;8070304;8141150;671095;65474059;10925290;53320149;27755;635474;861362;7681564;n.a.;92718154
BANK OF MAHARASHTRA;13215;n.a.;n.a.;101852;n.a.;423426;19865810;1386640;11522759;n.a.;567719;767213;1447111;n.a.;22420311
BANK OF MONTREAL;87772034;81702885;69744679;87841943;n.a.;5315349;413622328;249434643;323779626;6659574;9793313;17306230;38811549;4817629;647564571
BANK OF N.T. BUTTERFIELD & SON LTD. (THE);1069634;142283;n.a.;33759;n.a.;143500;12407866;2699772;5142622;104610;345702;532444;963743;24838;13921575
BANK OF NANJING;7377805;3892676;4079300;42337491;n.a.;9682665;123608558;31608593;78642848;62057;3059976;4643232;12584542;n.a.;192276422
BANK OF NEW YORK MELLON CORPORATION;139716000;30182000;11401000;11401000;16887000;25284000;259529000;153476000;54534000;20493000;3197000;16463000;41728000;17386000;381508000
BANK OF NINGBO;5190235;2470188;8972979;42225782;n.a.;11836082;111524851;44978092;72998220;54469;2800033;5021322;14417648;n.a.;188595539
BANK OF NOVA SCOTIA (THE) - SCOTIABANK;126895133;99679328;94287991;129803948;2045593;5510638;521771261;280857894;450215032;13271276;13052431;23582066;53337384;7318389;825350280
BANK OF QINGDAO CO LTD;996492;332871;2293843;14266805;n.a.;3656315;30832317;15074946;25503951;27801;979828;1377256;4362089;n.a.;53473901
BANK OF QUEENSLAND LIMITED;1862230;680534;n.a.;191463;n.a.;8052196;25754802;5470469;30891386;620743;645600;729575;2592477;458168;37350072
BANK OF SHANGHAI;26762074;324468;9066790;110880963;329797;5581323;172255838;75580212;134710265;106432;4339575;7128779;25365197;n.a.;320177748
BANK OF SUZHOU CO LTD;3569960;1394384;3324628;11994273;n.a.;665753;31789630;9550748;22230761;58457;867918;1349154;4143867;n.a.;49158660
BANK OF THE PHILIPPINE ISLANDS;485181;n.a.;n.a.;1354387;n.a.;1830995;33409723;3296134;29074097;55120;1299563;1731200;5380616;n.a.;43454004
BANK PERMATA TBK;799575;110393;340501;554420;n.a.;164859;8861559;1797392;7559327;37188;341171;555635;1729181;8130;11614359
BANK POLSKA KASA OPIEKI SA;471716;250743;157527;1823177;422451;1966450;41501418;10414259;37104917;425924;1439831;2203331;6161104;196869;53538433
BANK RAKYAT INDONESIA (PERSERO) TBK;3539704;1624504;3589880;4882580;929031;4179087;71676678;14215230;62455387;n.a.;5733966;7996340;15019370;n.a.;101917731
BANK TABUNGAN NEGARA (PERSERO);188775;134898;68114;392496;1186911;2283980;14884226;1475509;17963378;n.a.;582989;807809;1714710;n.a.;22428367
BANKIA, SA;6160248;3959462;22061986;59403237;n.a.;22605363;126018376;34672623;131918746;450939;2272668;3987483;14980646;99378;234193227
BANKINTER SA;1853199;324109;408832;9789451;104659;10375714;62828927;19166411;66472430;440301;1337567;2473592;5392279;184365;94064904
BANKUNITED, INC;206969;0;100000;100000;4249390;762714;24422020;214673;23084255;85651;754720;896796;2980784;77637;32871300
BANNER CORPORATION;73376;0;118474;118474;300000;269304;10048640;333371;9415248;416454;468911;550749;1594031;373121;12604000
BANQUE CANTONALE VAUDOISE;1471803;246850;1551332;3310266;670316;6659781;34133443;11227019;33844246;6197;513117;1024995;3702747;6197;49940094
BANQUE CENTRALE POPULAIRE SA;2047351;534685;2669142;4821192;n.a.;1300898;32051286;13879364;26456350;374690;1167648;1856878;4899727;257578;44972300
BANQUE SAUDI FRANSI JSC;997891;n.a.;n.a.;632571;n.a.;189837;35423336;3826356;33526694;n.a.;1388181;1816209;8785792;n.a.;47506290
BARCLAYS PLC;253436524;240808393;276082921;296572143;34935994;91145876;525365178;734210909;409048329;10653346;12343395;28464470;86155769;5116073;1496151484
BAWAG GROUP AG;6425847;n.a.;818958;4284647;2077166;4300375;34126641;12555117;34607456;639215;983424;1509063;4300375;105600;51296684
BDO UNIBANK INC;767697;n.a.;n.a.;1346819;n.a.;2389524;48975800;5827349;42920976;186071;2362664;2860358;7303070;89370;62842070
BENDIGO AND ADELAIDE BANK LIMITED;777497;138320;n.a.;290887;8681935;3480271;33226897;5003866;42756250;1165761;891888;1062575;3894816;996112;50096273
BERKSHIRE HILLS BANCORP INC;470383;59276;0;0;431897;487271;10338960;589226;9608174;625828;365256;448052;1758566;553762;13216900
BGC PARTNERS INC;n.a.;n.a.;13902;13902;107585;1251100;n.a.;707867;315590;856969;-40758;2017661;743737;553745;3916120
BNP PARIBAS;241677011;218537220;244528199;335415741;n.a.;204199268;936345914;627079552;905389508;13108953;23734069;50758576;125646657;8781617;2431838268
BNP PARIBAS BANK POLSKA SA;178874;n.a.;n.a.;1181047;n.a.;1227929;22680828;3563365;19435720;136910;834389;1264619;2938458;n.a.;28952823
BOC HONG KONG (HOLDINGS) LTD;24164505;n.a.;n.a.;34402081;14897;1901117;258029153;147178503;181016310;n.a.;5203930;7512007;39487865;n.a.;388603572
BOK FINANCIAL CORPORATION;492359;8693;3804230;3804230;4631130;302979;27659720;4118981;21676244;1375247;1114363;1769140;4863926;1048090;42323700
BPER BANCA S.P.A.;5691569;n.a.;n.a.;13720232;n.a.;6554913;58514798;14791754;67937457;752506;1308243;2503853;5944523;n.a.;88786220
BRD-GROUPE SOCIETE GENERALE SA;800224;n.a.;n.a.;98834;165621;330484;10772332;5734938;7342643;55252;504685;767440;1920747;11765;13558605
BREWIN DOLPHIN HOLDINGS PLC;n.a.;n.a.;n.a.;n.a.;n.a.;n.a.;n.a.;282494;n.a.;144224;1921;419061;415408;64867;727163
BROOKLINE BANCORP INC;56781;0;60689;60689;599262;242798;5855751;99813;6676738;164850;253300;282593;945606;160427;7875300
BURGAN BANK KPSC;3112906;n.a.;n.a.;4040112;n.a.;1504521;13169500;6728537;14137338;75575;551463;818842;3142247;28141;23365825
CADENCE BANCORPORATION;736317;10974;0;0;7801;441753;14742800;988764;12951706;594759;651175;780805;2460843;485336;17785400
CAIXABANK, S.A.;5788879;n.a.;2692789;24866456;789750;46662660;246698608;45023619;249754255;4312732;5561953;10693643;28254630;3427493;439714430
CANADIAN IMPERIAL BANK OF COMMERCE;55694527;45421731;40746959;49275834;n.a.;3559270;360553181;141391333;295547864;5636778;8017477;14142097;29316109;4140577;495139803
CANADIAN WESTERN BANK;257785;30673;22770;22770;n.a.;1833049;19263952;1881014;21554629;196915;596948;654714;2239880;64888;23878597
CANARA BANK;6536961;n.a.;n.a.;3452467;n.a.;5368480;79812348;9531282;56925866;n.a.;1849360;3355140;5562851;n.a.;98352644
CAPITAL ONE FINANCIAL CORPORATION;9658710;0;313757;313757;16931100;40294450;262705043;13715650;259001183;15127152;23339433;28591240;58010498;14653300;390365000
CAPITAL SECURITIES CORPORATION;20596;n.a.;1057847;1057847;220255;33635;n.a.;1913212;n.a.;119901;30409;1686305;1202954;104590;4423384
CAPITEC BANK HOLDINGS LIMITED;1549498;1549498;n.a.;n.a.;22292;395063;6409640;2699846;3990741;88366;730790;1359885;1645413;51103;8655702
CAPITOL FEDERAL FINANCIAL INC;46403;0;100000;100000;1090000;999991;5637010;88993;7431315;17044;204781;227906;1306592;9324;9254760
CATHAY FINANCIAL HOLDINGS CO LTD;17012535;1447782;1670050;4463783;n.a.;4445018;76511120;110431723;68649481;1703015;6522504;9380177;25975791;628611;334334658
CATHAY GENERAL BANCORP INC;401538;0;0;0;483445;403913;14692309;578778;14998776;378486;574505;617452;2294280;372189;18094100
CENTRAL BANK OF INDIA;801878;n.a.;n.a.;623828;n.a.;717247;41143948;4784310;20156542;1179;1017568;1434280;2862846;1179;47401098
CHAILEASE HOLDING CO LTD;24105;n.a.;n.a.;n.a.;n.a.;4991986;n.a.;660339;7510268;2501;950139;1707668;2455923;2016;16519559
CHANG HWA COMMERCIAL BANK LTD.;3855173;n.a.;51395;3449575;n.a.;1891364;58657682;9294689;47410846;23937;758975;1065514;5388866;n.a.;70937460
CHANGJIANG SECURITIES COMPANY LIMITED;5777673;1051049;1773437;2440769;n.a.;4053188;n.a.;10404712;2822925;33056;113235;1006568;4029241;11133;15649491
CHARLES SCHWAB CORPORATION;35009000;9012000;0;0;1944000;6730000;220108000;43931000;37691000;1355000;6407000;10749000;21745000;1227000;294005000
CHIBA BANK LTD.;1643974;183983;2923790;4947709;4112999;5874674;117503997;22967618;96912662;134250;1108841;1561417;8549522;n.a.;143605672
CHINA BANKING CORPORATION - CHINABANK;530843;245470;n.a.;495567;587820;378278;15281173;1876919;11211555;96678;513387;642561;1895310;16549;18962360
CHINA BOHAI BANK;2907213;264814;3301716;24334086;n.a.;28138520;92709968;30704456;98365406;82960;3279005;4047915;11847914;n.a.;159312509
CHINA CITIC BANK CORPORATION LIMITED;48060397;1424646;16006584;199770572;63205238;31423357;582976665;185579217;557120647;398741;18215400;26904680;76216401;130528;966141826
CHINA CONSTRUCTION BANK CO., LTD;216048946;79835265;16410190;409094314;141831972;55719908;2628637874;651773287;2081103029;3155718;73090024;98002289;319897950;402032;3640512489
CHINA DEVELOPMENT FINANCIAL HOLDING CORP;5251536;1554171;3193295;4009108;458380;1834641;13148907;38335271;12507003;678989;2108468;2197911;9847378;105986;100554307
CHINA EVERBRIGHT BANK COMPANY LIMITED;14110777;978245;3664377;151716472;2754973;26086160;431929007;81313152;390419203;431516;14586804;19026621;55253184;183340;677462567
CHINA EVERBRIGHT LIMITED;n.a.;n.a.;n.a.;n.a.;1692590;2300285;n.a.;6895403;382863;n.a.;-96616;545501;5623137;n.a.;11107806
CHINA HUARONG ASSET MANAGEMENT CO, LTD;25003268;3223978;2242079;14420131;65535185;86449808;32462389;94227371;40060460;2585;-3109593;7328520;23397235;2585;244026390
CHINA MERCHANTS BANK CO LTD;74782739;15594819;9050093;213710317;3831974;31097610;697721619;215424787;612179757;2079433;24773150;38577787;88408043;1424646;1061577205
CHINA MERCHANTS SECURITIES CO., LTD.;6378595;5106601;13984068;14987818;n.a.;10270636;n.a.;41297516;7903910;3653;271245;2679934;12183748;1384;54640316
CHINA MINSHENG BANKING CORPORATION;52624731;9417346;14556319;292930726;14167454;39766280;520543004;210870758;507659935;209246;14017890;25439387;75973808;29483;956324737
CHINA ZHESHANG BANK CO LTD;8002876;4142140;14109770;58253835;1346466;9904042;163695519;44773408;146581691;38276;4848156;6647647;18323697;n.a.;257733770
CHOLAMANDALAM INVESTMENT AND FINANCE COMPANY LIMITED;928029;n.a.;n.a.;n.a.;209940;7103056;n.a.;929706;7348288;4148;468649;544494;1087718;n.a.;8496155
CHONG HING BANK LIMITED;817044;n.a.;546276;1438779;481453;656078;20889258;10764195;15084057;99947;418628;521304;3192913;5086;27323492
CHONGQING RURAL COMMERCIAL  BANK;20896110;n.a.;2159171;33781277;n.a.;2481330;96379249;27416773;59587917;138035;3333445;3813129;12852773;62993;147449581
CIMB GROUP HOLDINGS BERHAD;2880701;2202676;4054445;9837395;2089748;8398465;95870365;30174749;88048894;2331755;2464000;4282541;14042535;1919985;140072243
CIT GROUP, INC;2649120;950000;0;0;14259;6459152;35139620;3639226;30545997;435918;1069549;2340303;6338993;369933;50832800
CITIC SECURITIES COMPANY LIMITED;17643081;8419930;24967496;29710045;n.a.;14137108;n.a.;74221303;10115049;1874260;292628;6179610;23679661;1434496;113313643
CITIGROUP INC;425716000;251322000;166339000;166339000;82104000;215050000;1070646000;668918000;705334000;26948000;46592000;74717000;193946000;22126000;1951160000
CITIZENS FINANCIAL GROUP INC.;2487800;0;265081;265081;2735710;12259690;125744092;4109686;121020450;7936521;4622763;6489528;22201375;7043890;166090000
CITY HOLDING COMPANY;70423;0;211255;211255;0;4056;4074801;140144;3604316;120241;161617;230349;657983;108941;5018560
CITY UNION BANK LTD.;357000;n.a.;n.a.;56734;n.a.;214948;5414381;626330;4500503;n.a.;222215;306588;702528;n.a.;6597193
CLOSE BROTHERS GROUP PLC;184178;51701;17396;87953;268847;2895272;6859117;1663930;9305743;266900;615184;1058477;1710886;125178;12847828
CME GROUP INC;n.a.;n.a.;n.a.;n.a.;303800;3439400;n.a.;24539800;n.a.;33035500;n.a.;4872600;26159300;10742500;75215300
COLUMBIA BANKING SYSTEM, INC;24132;0;64437;64437;946705;105071;10688099;247673;8677220;801317;499255;596558;2159959;765842;14079600
COLUMBIA FINANCIAL INC;n.a.;n.a.;n.a.;n.a.;1004139;402883;5645842;78402;6135857;68582;172371;204007;982517;60763;8188694
COMERICA INCORPORATED;4845000;30000;71000;71000;674000;6595000;57507000;5979000;49738000;639000;2339000;3349000;7327000;635000;73519000
COMMERCE BANCSHARES, INC.;1245952;850000;1850770;1850770;17;1413;20531970;1778050;14590927;148455;818542;1349121;3138468;138921;26083900
COMMERCIAL BANK OF DUBAI P.S.C.;1042270;381212;311298;360713;n.a.;1653627;17245564;4607134;16386878;n.a.;478661;825926;2781911;n.a.;23980637
COMMERCIAL BANK OF KUWAIT K.P.S.C. (THE);4920597;n.a.;n.a.;4271536;247203;379571;8094143;8401525;7479499;11569;321006;523749;2417809;n.a.;16080608
COMMERCIAL INTERNATIONAL BANK (EGYPT) S.A.E.;1388282;198210;n.a.;738481;n.a.;204635;19036237;7826583;7460786;0;1349246;1575160;3243927;n.a.;24181826
COMMERZBANK AG;28491667;n.a.;n.a.;49923889;n.a.;50008144;297754884;136304351;277294403;3429740;5700131;10240913;34451303;1709815;520848615
COMMONWEALTH BANK LTD;90630;n.a.;n.a.;n.a.;n.a.;n.a.;1419290;236208;932796;n.a.;126893;156801;272837;n.a.;1709149
COMMONWEALTH BANK OF AUSTRALIA;14402575;8805455;13208873;29371572;13941278;15524351;426676558;80496738;522255714;5508596;12531797;16333523;48169267;4131620;675349040
COMMUNITY BANK SYSTEM, INC.;43243;0;241708;241708;17555;126522;8994969;205030;6840632;837597;361998;589614;1858409;773810;11410300
CREDICORP LTD.;2100978;1294063;2316843;5146340;n.a.;4510067;33797642;13002337;33372994;770149;2743149;4367310;8070703;n.a.;56691820
CREDIT AGRICOLE S.A.;614021152;128848346;117473923;247450162;n.a.;251878605;724980479;1226479654;443840678;20718864;12856188;23051042;79585016;17165550;1985769888
CREDITO EMILIANO SPA;2283461;n.a.;n.a.;6098851;n.a.;3403771;30194638;16386200;33297524;489430;539429;1323639;3239658;n.a.;53507519
CTBC FINANCIAL HOLDING CO LTD;5562062;550832;3496515;5957701;n.a.;3756814;111608004;44983833;82094339;811302;3674925;4648471;12662587;598397;206584550
CULLEN/FROST BANKERS, INC;3206323;356373;1695340;1695340;20666;538186;27709400;3811484;14618133;657434;1006669;1366732;3911664;654952;34096900
CVB FINANCIAL CORP;30139;0;428659;428659;0;25774;8704928;189329;7495920;706693;435772;494671;1994096;663707;11282500
DAH SING BANKING GROUP LIMITED;705660;n.a.;n.a.;316562;866935;707613;23453038;9505229;17892650;111717;523152;786187;3619470;104237;31258057
DAIWA SECURITIES GROUP INC;61590950;61590950;66734050;66734050;19234012;23581546;n.a.;141453556;1279043;1141812;111279;4035879;11570948;125382;219154552
DANSKE BANK A/S;64223101;51934271;57636873;72491499;1621205;55588160;144479845;133750206;273668718;1372849;4177864;7207118;25540826;921973;563377222
DBS GROUP HOLDINGS LTD;31677554;2479216;1494953;19141182;22621735;23699526;300095762;89884207;265650244;3837589;7144448;10795725;38449377;n.a.;429740213
DEUTSCHE BANK AG;115446186;97654902;51785363;138125382;42245451;119191601;556477241;458080895;479490649;7896378;15445625;26779606;69830535;3236515;1457806782
DEUTSCHE BOERSE AG;74983008;74983008;67799653;67799653;350388;36527796;15481573;135821177;9437457;5626436;275458;3671720;6864647;3898759;154091478
DEUTSCHE PFANDBRIEFBANK AG;2646730;n.a.;n.a.;4712662;n.a.;24260943;26944745;5983228;45663957;43813;514517;572934;3635322;n.a.;63833826
DISCOVER FINANCIAL SERVICES;5995710;0;0;0;4747490;20953613;72836730;6954770;92514360;410467;9839668;11452265;11859042;255421;113996000
DNB ASA;11726765;n.a.;n.a.;23095900;n.a.;100804555;110427903;83389407;189884850;621185;4464920;6199089;27591685;484738;318142821
DOHA BANK;2131029;n.a.;2718551;6603557;909953;1144550;16061493;7831514;18072599;n.a.;544017;752520;3658768;n.a.;29727591
DONGXING SECURITIES CO LTD;2246429;741860;1186371;1193701;n.a.;3699638;n.a.;4761205;1879191;7459;112551;568683;2909534;2862;11098263
DUBAI FINANCIAL MARKET;886956;37231;n.a.;n.a.;n.a.;18202;n.a.;1118511;n.a.;1353022;-965;88131;2148772;783900;2636055
DWS GROUP GMBH & CO. KGAA;n.a.;n.a.;n.a.;n.a.;93242;157276;n.a.;6182069;3370;4248698;13481;2834338;7697536;3236515;12303475
E. SUN FINANCIAL HOLDING CO LTD;1218693;165119;240093;2163423;664;1382086;69188355;27119365;47974559;205563;660037;1810865;5752378;148642;82985390
EAGLE BANCORP, INC.;192787;38987;30980;30980;257789;239857;7224390;241973;7528799;104739;324045;349729;1190681;104168;8988720
EAST WEST BANCORP, INC;3772230;865000;200000;200000;130520;904417;37358170;4317314;34420647;481776;1469217;1674726;5017625;465697;44196100
EMIRATES NBD BANK PJSC;10937383;n.a.;136419;11358829;n.a.;14430833;128572042;33755232;119109604;1799162;3977634;7304899;22221065;1512717;186064140
EMPRESA GENERAL DE INVERSIONES, SA;528095;n.a.;403947;502673;n.a.;2160703;12132210;5764468;11858583;296623;658927;1060166;3289576;271587;19355698
ENTIE COMMERCIAL BANK PUBLIC COMPANY;238777;47665;n.a.;170881;n.a.;28896;8666019;1858071;6641795;6227;121606;213250;1119167;4561;10166459
EQUITY GROUP HOLDINGS PLC;212599;n.a.;n.a.;n.a.;n.a.;633632;4763852;2184949;3616072;102105;443897;692998;1103028;30621;6647972
EUROBANK ERGASIAS SERVICES AND HOLDINGS SA;3378063;2881521;224680;8000854;n.a.;2919716;50149693;15317557;41975836;424645;1546922;2145694;7489707;179744;72752498
EVERBRIGHT SECURITIES COMPANY LIMITED;2765928;1185889;3525993;4393848;127840;9198638;n.a.;14649300;5412292;190389;225123;1439795;7015716;145441;29210011
F.I.B.I. HOLDING CO. LTD;622975;2604;n.a.;328993;n.a.;1063079;34839410;10895255;25734375;72627;752894;1206597;2584491;868;40834201
FAR EASTERN INTERNATIONAL BANK PUBLIC COMPANY;585535;330331;321382;691313;n.a.;865034;17850134;7184470;12775686;55607;181287;389347;1570598;n.a.;21752725
FB FINANCIAL CORPORATION;183875;131119;23745;23745;104417;212038;4934940;232681;4641019;262161;226036;361131;762329;169051;6124920
FEDERAL BANK LTD. (THE);929295;n.a.;n.a.;710862;n.a.;1398102;19749185;1749414;16504238;3663;651591;886591;1990203;n.a.;24321965
FIFTH THIRD BANCORP;1950060;0;728719;728719;3002060;12510140;127368827;6012400;109755950;5446540;4863149;8317065;21202827;4252380;169369000
FINECOBANK BANCA FINECO SPA;10605301;n.a.;n.a.;173737;n.a.;0;29118365;11831610;18846681;142777;315987;731568;1553082;n.a.;31480930
FIRST ABU DHABI BANK;11355991;6719775;10570959;20375690;5782697;15176065;141364697;84657548;111069577;5309214;3478503;5505829;29417845;4729816;223817020
FIRST AMERICAN FINANCIAL CORPORATION;866706;0;0;0;23039;1003780;3371228;1530381;306429;1242743;206726;6157246;4425007;1150910;11519200
FIRST BANCORP;571459;0;100000;100000;130000;624150;9348439;644099;8886540;62433;567087;655422;2228076;28098;12611300
FIRST BANCORP, NORTH CAROLINA;116326;0;0;0;238097;82429;4932172;232018;4451784;251585;216203;277106;852401;234368;6144460
FIRST BUSEY CORPORATION;392742;0;205491;205491;10194;261739;7902400;529288;6702201;386525;287454;403698;1220438;311536;9695730
FIRST CAPITAL SECURITIES CO., LTD;1407870;357452;1353843;1425472;n.a.;1005162;n.a.;3675069;713110;42476;-13236;369725;1361705;2080;5091459
FIRST CITIZENS BANCSHARES;1138840;0;442956;442956;357273;526642;34431160;1515559;28724228;417674;1311369;1871354;3586187;349398;39824500
FIRST CITIZENS BANK LIMITED;n.a.;n.a.;577802;904335;8592;0;3829391;547875;2791711;32988;241948;334450;1059469;23240;6426354
FIRST COMMONWEALTH FINANCIAL CORP.;19510;0;65653;65653;139672;283605;6677620;121856;6153502;319694;269862;353438;1055665;303328;8308770
FIRST FINANCIAL BANCORP;64994;0;165181;165181;1260780;368869;10210230;257786;9157700;1024622;484254;612450;2247812;937771;14511600
FIRST FINANCIAL BANKSHARES, INC;51070;3150;381356;381356;0;0;6603813;282604;4170699;173667;289090;397518;1227197;171565;8262230
FIRST FINANCIAL HOLDING COMPANY LIMITED;6669227;29234;815008;10291109;723350;1391781;79692101;24483810;58625342;22705;983334;1699781;7298628;n.a.;106515878
FIRST HAWAIIAN INC;333642;0;0;0;400000;200019;16444950;694017;13082074;1008160;573402;765935;2640261;995492;20166700
FIRST HORIZON CORPORATION;1115570;633165;1265270;1265270;2751140;296420;32434040;3114646;31457983;1567396;1218044;1861791;5076005;1432790;43313500
FIRST INTERNATIONAL BANK OF ISRAEL LTD.;620081;2604;n.a.;328993;n.a.;1063079;34839410;10892361;25734375;71759;752894;1206597;2582176;n.a.;40830440
FIRST INTERSTATE BANCSYSTEM, INC;841112;98;697571;697571;5;98323;11663560;1079963;8958529;741803;496689;642843;2013966;621585;14644100
FIRST MERCHANTS CORPORATION;118263;0;242946;242946;41300;448457;9839960;295464;8388063;580408;356660;441800;1786440;543919;12457300
FIRST MIDWEST BANCORP, INC;84327;0;263515;263515;670000;959191;13251280;299221;12768310;881120;588482;749752;2370787;796756;17850400
FIRST NATIONAL OF NEBRASKA, INC.;234459;6700;191787;191787;849572;651439;17940010;1081165;16157563;217833;1278137;1671853;2402682;165329;22623700
FIRST REPUBLIC BANK;234864;0;450000;450000;4300000;9525604;90133300;1699872;90324031;276989;2783217;3340662;9851107;171616;116263634
FIRSTCARIBBEAN INTERNATIONAL BANK LIMITED;1145279;n.a.;n.a.;n.a.;n.a.;89806;10026455;4435830;6145062;218961;425992;616059;1257014;218961;11561506
FIRSTRAND LIMITED;n.a.;n.a.;4389813;4389813;4794109;18367422;72676269;13839009;85090044;740351;4266457;7600612;10203943;511422;117785879
FLAGSTAR BANCORP INC;206977;0;470042;470042;3697790;1236513;15708900;427460;18015780;461050;569337;1169879;1788007;114376;23265000
FNB CORPORATION;191939;0;852950;852950;2350000;1352621;24797130;600279;23144334;2375084;935882;1210079;4883194;2262170;34619600
FOUNDER SECURITIES CO., LTD;5242296;551492;3047316;3894023;n.a.;2853803;n.a.;9464915;2902883;684871;196965;943887;5650548;647350;19549905
FRANKLIN RESOURCES, INC.;n.a.;n.a.;n.a.;n.a.;23500;724200;n.a.;6531800;n.a.;2994500;6300;5864900;10624200;2130300;14532200
FUBON FINANCIAL HOLDING CO LTD;19723332;3087987;6160964;11130308;n.a.;8950697;85000864;91340508;65408451;1086600;4539984;7651417;20583481;527604;283920199
FUKUOKA FINANCIAL GROUP INC;862834;346099;18466882;39154150;3189283;20238621;158001790;42791170;146451873;176688;1603606;2111601;7847848;n.a.;230620109
FULTON FINANCIAL CORPORATION;363723;0;383241;383241;331733;850035;17393920;496006;16729106;574571;648390;862351;2342174;532674;21861900
GARANTI BBVA;5084819;4518;246401;749403;n.a.;9019087;46163973;14243812;45496284;5542;2942102;4294320;9096926;5542;72187765
GF SECURITIES CO.LTD;6158603;2961015;13653416;14080500;n.a.;12588036;n.a.;41833700;8281027;39313;488108;3337503;13473106;333;56446409
GLACIER BANCORP, INC;132321;0;569824;569824;31662;175683;10776460;330960;9457514;521322;511262;631737;1960728;456418;13684000
GOLDMAN SACHS GROUP, INC;343338000;221469000;132590000;132590000;53592000;221076000;189690000;695318000;145108000;4838000;4367000;36788000;92059000;4196000;992996000
GREAT WESTERN BANCORP, INC;68553;0;66289;66289;252323;451423;10088525;247421;9553383;751535;422136;480064;1920732;740562;12851700
GREEN DOT CORPORATION;1019710;0;0;0;35000;0;1252068;1175598;53330;520994;35840;1106785;927356;301790;2460590
GROUPE BRUXELLES LAMBERT SA;1349428;n.a.;n.a.;n.a.;1007690;6343614;n.a.;22640551;n.a.;5893917;-94927;6382709;23972679;5189096;34986603
GRUPO AVAL ACCIONES Y VALORES S.A.;5654967;n.a.;n.a.;9995692;n.a.;n.a.;53275275;18597367;52805002;4880486;3541651;6482531;10123789;2230867;84647345
GRUPO BOLIVAR S.A;1704365;110238;424963;4979993;n.a.;3911906;23196302;7754797;28208576;580390;2187158;4082282;4769195;499664;40641312
GRUPO FINANCIERO BANORTE S.A.B. DE C.V.;771337;162906;18363562;21181097;n.a.;3977512;36165549;16295502;39904963;1416806;4341742;7409738;10400420;1416806;83841509
GRUPO FINANCIERO GALICIA SA;724394;503019;n.a.;387600;n.a.;748287;6580608;4235012;5889870;92091;434845;2264127;1629311;n.a.;11107627
GRUPPO MUTUIONLINE S.P.A.;n.a.;n.a.;n.a.;105770;n.a.;6491;n.a.;99990;n.a.;120521;-1263;256081;128290;109041;369381
GUANGZHOU YUEXIU FINANCIAL HOLDINGS GROUP COMPANY LIMITED;1229267;13997;81685;81685;1060561;7165823;n.a.;4593044;6294669;4295;109649;1198251;3338420;n.a.;16392412
GUARANTY TRUST BANK PLC;1402577;87593;n.a.;350223;n.a.;548128;8249317;4279864;4887857;65945;753626;1196668;2238884;28288;12244035
GULF BANK KSC (THE);2794476;n.a.;n.a.;4676456;n.a.;343260;13033826;5721396;13940301;n.a.;542498;685191;2192123;n.a.;20608537
GUOSEN SECURITIES CO., LTD;10975671;3402417;5985849;6751784;80594;5374172;n.a.;19922555;5396887;95435;243277;2017075;8051417;1468;32151755
GUOTAI JUNAN INTERNATIONAL HOLDINGS LIMITED;297207;288675;2337129;2337129;n.a.;2303080;n.a.;8791113;1504546;2875;250556;535203;1465492;n.a.;12423033
GUOTAI JUNAN SECURITIES CO., LTD;11334237;7720051;18035966;19394008;n.a.;11985131;n.a.;64199619;10509086;311158;748069;4291081;20909378;85847;80050705
GUOYUAN SECURITIES CO LTD;3487232;1155156;2106705;2121017;n.a.;1966322;n.a.;5843690;1761786;24275;183080;457823;3556091;17300;11903367
HABIB BANK LIMITED;426580;158292;1275323;1676990;n.a.;1038673;15740077;3172738;7535286;58692;654266;809606;1451268;18509;20838272
HAITONG INTERNATIONAL SECURITIES GROUP LIMITED;640415;640415;3387385;3387385;944413;6541313;n.a.;12472304;1985078;62401;376570;1052514;3471245;48812;20068640
HAITONG SECURITIES CO. LTD;19172282;8227450;9857976;12834583;8163856;23589166;411283;58669331;15607093;669886;-57849;5069713;20197330;591732;91139777
HANA FINANCIAL GROUP;5800776;n.a.;3612380;4305005;n.a.;52358652;235614370;71666284;244523609;565930;4986791;7885618;23959380;73564;364057828
HANCOCK WHITNEY CORP;82885;268;679872;679872;778131;1490331;23820300;528381;21077413;962260;895448;1225837;3467687;855453;30619700
HANG SENG BANK LTD.;10031591;855143;241171;1428021;258636;4895595;154547066;64354822;121090279;2819314;4142160;5610505;22976371;42250;215357777
HAWAIIAN ELECTRIC INDUSTRIES INC;48631;0;115110;115110;285332;1864740;6308987;196813;5080111;91291;158501;2792664;2280263;82190;13745300
HDFC BANK LTD;3436883;n.a.;n.a.;2516512;n.a.;24554767;149757734;13015730;137093371;n.a.;7965928;11099612;23470615;n.a.;209698419
HEARTLAND FINANCIAL USA, INC.;175691;0;86936;86936;100692;295388;11044330;382298;8324273;501769;433729;568350;1578137;446345;13209600
HERCULES CAPITAL, INC;n.a.;n.a.;n.a.;n.a.;n.a.;1298613;n.a.;114996;n.a.;n.a.;192917;236526;1133049;n.a.;2461968
HILLTOP HOLDINGS INC;486210;59425;693750;693750;815068;399870;9032210;1391396;9426624;377122;441190;1647353;2128793;291435;15172400
HO CHI MINH CITY DEVELOPMENT JOINT STOCK COMMERCIAL BANK;1065207;n.a.;n.a.;2159476;284215;927469;5442392;1546814;6249175;16994;420927;489589;880204;954;9910484
HOKUHOKU FINANCIAL GROUP INC.;725014;n.a.;2819853;3447857;745483;7614416;106330436;25823129;79132910;159338;964508;1385952;5476707;85419;125527704
HOME BANCSHARES, INC.;321687;0;148727;148727;221416;769580;11278390;490601;10767600;994980;570924;661308;2511530;958408;15032000
HOME CAPITAL GROUP INC;n.a.;n.a.;n.a.;n.a.;711834;1842718;10503336;850065;13087811;52047;308023;348826;1287844;1780;14670034
HONG LEONG BANK BERHAD;311786;n.a.;563476;2340014;n.a.;681022;38861779;10171998;32908791;472365;667350;1272385;6150262;442132;50065043
HONG LEONG FINANCIAL GROUP BHD;2429471;n.a.;563476;2924785;245798;920150;38576311;16432603;33089718;615710;718147;1418638;6905127;582000;57431821
HOPE BANCORP INC;564711;0;0;0;347807;640192;12526910;758750;12236126;492700;466641;516538;2036015;464450;15667700
HOUSING BANK FOR TRADE & FINANCE (THE);716638;n.a.;n.a.;1021477;392821;244575;8183821;2357268;5857494;33214;417951;508421;1582837;504;11889085
HOUSING DEVELOPMENT FINANCE CORPORATION LIMITED;40202;n.a.;n.a.;29108;3838702;35090186;17521228;5437623;59095421;372627;1919603;4654194;17753516;213139;96810533
HSBC HOLDINGS PLC;364169000;290010000;197548000;261387000;62890000;81418000;1439115000;1179663000;1041299000;20163000;30462000;58452000;192668000;5590000;2715152000
HSBC TRINKAUS & BURKHARDT AG;2232196;n.a.;n.a.;2929939;n.a.;675163;19828906;15896894;12207425;96949;256248;916919;2795693;n.a.;29874348
HUA NAN FINANCIAL HOLDINGS CO LTD;2877702;26558;1214730;5124208;25178;2093864;73872880;14106247;55485619;30360;844137;1545125;6267875;1351;90740324
HUA XIA BANK CO., LIMITED;9081007;3442107;13421211;135237010;n.a.;14666523;239197937;27488765;261796334;11450;9240160;12127379;38548304;n.a.;432344207
HUATAI SECURITIES COMPANY LIMITED;9778056;2642948;15703312;17329561;n.a.;16920372;n.a.;47638437;9965598;1151470;303660;3560694;17984071;334029;80460946
HUISHANG BANK CO LTD;6823945;4100648;7208381;55842024;n.a.;4668374;86368229;40032632;70755541;59866;3538862;4481563;12808591;n.a.;161975272
HUNTINGTON BANCSHARES INC;226495;0;1040680;1040680;3603280;8085584;82496020;1275489;75497966;2465408;3237197;4666723;11794738;1989540;109002000
ICICI BANK LIMITED;12435285;n.a.;n.a.;5116564;429420;26368553;102677771;17119442;93524461;n.a.;5328616;8203733;17212081;n.a.;182698914
ICICI SECURITIES LIMITED;319874;n.a.;n.a.;n.a.;198649;20885;296;430980;75726;3140;19713;211033;160446;n.a.;589344
IDBI BANK LTD;2661940;n.a.;n.a.;4670095;n.a.;3427280;26254235;4059970;17209305;n.a.;930293;1412077;4634727;n.a.;39889864
IDFC FIRST BANK LTD;149661;n.a.;n.a.;281274;n.a.;7613782;8351500;593832;11312665;n.a.;797503;1018866;2043290;n.a.;19786001
IGM FINANCIAL INC;n.a.;n.a.;n.a.;1492;n.a.;6971500;445962;825000;5511940;2979090;-82997;1549165;3445206;2037114;11786106
INDEPENDENT BANK CORP.;36288;0;0;0;104912;198190;9155190;153204;8839207;540607;398898;508450;1708143;506205;11403000
INDEPENDENT BANK GROUP, INC.;384590;0;0;0;329587;280466;11941340;570889;11598484;1094762;504757;583250;2339774;994021;14958200
INDIABULLS VENTURES LIMITED;379357;n.a.;n.a.;n.a.;n.a.;714761;n.a.;528186;629193;22714;155550;274549;741218;5182;1535728
INDIAN BANK;1489385;n.a.;n.a.;2102906;n.a.;1233707;33940212;2250287;25848268;n.a.;1008647;1425410;3022946;n.a.;41140446
INDIAN OVERSEAS BANK;2773123;n.a.;n.a.;37141;n.a.;692004;29564532;3191665;16094973;462;703425;1114902;2142970;n.a.;34585622
INDUSIND BANK LIMITED;314584;n.a.;n.a.;1814799;n.a.;7990692;25052557;2129590;27429952;10458;1599602;2485812;4609354;n.a.;40754120
INDUSTRIAL & COMMERCIAL BANK OF CHINA (THE) - ICBC;270400455;120965506;37680406;362224556;63025189;110548017;3288629567;745291248;2336704143;3772578;86865034;111424358;385287387;1362101;4309351040
INDUSTRIAL BANK CO LTD;51638757;5991269;27681694;349044079;683126;34849005;543127517;158892513;493982105;168742;14739945;25949334;78667811;76141;1022710882
INDUSTRIAL BANK OF KOREA;8720913;n.a.;1542815;2352766;n.a.;131295704;101909774;32196650;207182148;262204;4968032;6145154;19672350;n.a.;274754744
INDUSTRIAL SECURITIES CO., LTD;8052806;1234846;3686336;3758677;1201577;6923483;n.a.;15001401;2967663;30404;107417;2039490;5301801;1755;24413189
ING BANK SLASKI S.A. - CAPITAL GROUP;255418;45159;29439;1668589;553;772362;34355924;6350001;31147298;113200;1130658;1531637;4008558;58799;41764934
ING GROEP NV;96915705;67490493;48360117;87483640;58202223;95556392;645317948;216545432;689823680;2153558;15815223;20396448;61407283;1018924;1001785079
INTERACTIVE BROKERS GROUP INC;21051000;21051000;6319000;6319000;n.a.;140000;n.a.;39049000;n.a.;34000;1083000;1686000;7940000;n.a.;71676000
INTERCORP FINANCIAL SERVICES INC;1088698;364667;n.a.;93187;804626;2475376;11494636;6476346;11206051;295492;1037815;1406634;2686617;129947;21593933
INTERNATIONAL BANCSHARES CORPORATION;23252;0;236537;236537;190000;571152;8826030;256820;6834675;283845;435492;590031;2135798;282533;12112900
INTESA SANPAOLO;55076925;n.a.;n.a.;116074166;n.a.;95350809;372048687;362179619;470466378;10347636;7778421;20216704;63151923;n.a.;916808867
INVESCO LTD;n.a.;n.a.;n.a.;n.a.;n.a.;8679700;n.a.;2133700;n.a.;15867700;-107200;6305600;14318300;8509400;39420300
INVESTEC LIMITED;2747871;1655922;1488239;4105932;n.a.;1243366;20985813;11432432;16160131;30015;478175;838525;3167804;12241;32160796
INVESTEC PLC;4229034;2011357;490478;2244801;n.a.;3106864;18887212;10976279;15433404;411774;491188;1061757;2952711;322835;30808170
INVESTMENT CORPORATION OF BANGLADESH;n.a.;n.a.;n.a.;35503;n.a.;282838;1266000;218031;317207;n.a.;-76382;39480;367993;n.a.;2124736
INVESTORS BANCORP, INC;82212;0;847910;847910;3236500;1928570;17989200;180986;21511177;97868;660579;707850;2621939;82546;26772500
ISTAR INC;n.a.;n.a.;n.a.;n.a.;n.a.;3569011;n.a.;352206;674645;174973;-85769;662039;1237960;n.a.;5085109
ITAU CORPBANCA;1363959;102032;751332;4526854;n.a.;8855854;22150406;2087733;29929811;2172578;1137114;1665225;4620323;1603947;45312218
ITAU UNIBANCO HOLDINGS SA;57817671;49236494;63666657;64416266;n.a.;98306988;125068606;154118505;136413982;4892931;15961142;29199027;37087168;2768666;406312737
IYO BANK LTD;3369862;3271049;2104811;4106817;4435686;7089908;48266892;9991877;43254068;74039;610626;934085;6180736;n.a.;71716231
JAPAN POST BANK CO LTD;101489028;90564750;157083796;157083796;n.a.;97617;1683550969;576790627;45636635;435308;8934665;12983873;82826636;n.a.;1940302569
JAPAN POST HOLDING CO LTD;133694816;119927318;196551516;196551516;2519559;1180534;1668609616;626830877;97658136;2683468;n.a.;110019056;116069682;23459;2632000541
JIANGSU CHANGSHU RURAL COMMERCIAL BANK CO., LTD;563132;153958;1464185;3429916;n.a.;436529;19762262;2163145;15058842;26461;814417;922467;2561793;n.a.;26454768
JIANGSU JIANGYIN RURAL COMMERCIAL BANK;151219;n.a.;1247781;2359516;n.a.;216351;13637950;1669356;9599212;17962;353863;487240;1699306;n.a.;18082595
JIANGSU SUZHOU RURAL COMMERCIAL BANK CO;1506946;584576;688546;2269110;n.a.;172606;13733503;2511456;9481368;35414;419526;500778;1663781;n.a.;18027096
JIANGSU ZHANGJIAGANG RURAL COMMERCIAL BANK CO. LTD;220253;n.a.;1093954;2271986;n.a.;377967;13294975;915172;9886801;17842;455512;551430;1536771;n.a.;17610517
JIANGSU ZIJIN RURAL COMMERCIAL BANK;2528367;1304348;1655399;7118931;n.a.;464768;19108679;3922573;14049065;18519;571540;669132;1967820;n.a.;28813321
JIH SUN FINANCIAL HOLDING CO., LTD;531796;199;996647;1332610;6643;102864;7340849;3301425;5496868;6119;106614;280162;1515949;1093;11271517
JM FINANCIAL LIMITED;176107;n.a.;n.a.;n.a.;n.a.;1565160;n.a.;997155;1578562;8393;118777;259094;1079039;6956;2751910
JOINT STOCK COMMERCIAL BANK FOR FOREIGN TRADE OF VIETNAM- VIETCOMBANK;10773931;n.a.;n.a.;7168339;50;924345;40097210;12944675;31280074;97637;1493300;1990428;3493111;n.a.;52805825
"JOINT STOCK COMPANY ""HALYK SAVINGS BANK OF KAZAKHSTAN";2705567;435281;n.a.;799720;53253;2140524;16744852;9222306;9808006;20615;1040221;1441496;3416772;8063;24137478
JPMORGAN CHASE & CO;632531000;388915000;183675000;183675000;90833000;267931000;1562431000;1015647000;980365000;53341000;57595000;116211000;261533000;47823000;2687380000
JSIB UKRSIBBANK;428584;n.a.;n.a.;168;n.a.;10527;1914198;545910;902262;22025;177579;275314;289536;n.a.;2245895
JYSKE BANK A/S;8883746;6929852;2589014;6974640;n.a.;6478827;19014515;24629937;65854342;150;795548;1263949;5349091;n.a.;97325903
KASIKORNBANK PUBLIC COMPANY LIMITED;2785435;n.a.;n.a.;2707037;n.a.;2713537;68715561;15382201;62343538;778570;3405452;5322394;15046585;126816;109235559
KASPI KZ;471735;45921;7841;7841;n.a.;565514;4252523;1975689;3377255;21446;375938;1061379;772686;n.a.;5717821
KBC ANCORA;n.a.;n.a.;n.a.;n.a.;n.a.;n.a.;n.a.;n.a.;n.a.;n.a.;n.a.;n.a.;n.a.;n.a.;n.a.
KBC GROEP NV/ KBC GROUPE SA;34818655;28754543;2880397;23922800;n.a.;20693025;207544753;86017603;175043672;1842376;5188984;8604119;22878038;985222;326611656
KCB GROUP PLC;248420;n.a.;n.a.;201023;n.a.;272291;6775280;1307742;5283093;62534;549318;827372;1280299;n.a.;8867212
KEARNY FINANCIAL CORP.;13455;0;15000;15000;861271;398778;4205952;41796;4467715;215702;151703;162659;1094570;210895;6610400
KEYCORP;1212071;5481;386588;386588;2009920;10438588;111889737;3064929;95935306;3506417;3908513;6363221;17038128;2663830;145570000
KIATNAKIN BANK PUBLIC COMPANY LIMITED;321642;n.a.;n.a.;575019;n.a.;1837747;5709808;1001339;7550485;139851;408445;603968;1459550;101679;10336606
KING'S TOWN BANK;168573;4983;937289;1566057;n.a.;n.a.;6370779;3163386;5160123;n.a.;157955;283010;1359580;n.a.;9391580
KIWOOM SECURITIES CO LTD;1465638;n.a.;3986889;3986889;n.a.;4097017;5541942;14244869;4596103;51661;261188;805639;1950623;27943;20187980
KIYO BANK;34278;n.a.;1485787;1485787;547958;2293174;36595585;4707811;28050866;31150;409255;667121;2026265;n.a.;43497389
KOMERCNI BANKA;10811238;8785554;n.a.;4136953;n.a.;405950;36316124;13283940;28613192;431900;1042881;1454180;4802396;165864;47625394
KOREA INVESTMENT HOLDINGS CO. LTD;n.a.;n.a.;n.a.;n.a.;n.a.;21817336;5691866;36272338;10360933;87855;707420;1664212;4347017;n.a.;52484291
KOTAK MAHINDRA BANK LIMITED;7238305;n.a.;n.a.;267409;n.a.;8647468;34326222;8500244;33146643;107945;2331136;4034969;8905775;107945;58787214
KRUNG THAI BANK PUBLIC COMPANY LIMITED;2837907;n.a.;n.a.;7157343;n.a.;3211557;71495159;15104327;64991892;129344;2928842;4155020;11551582;n.a.;99894415
KUWAIT PROJECTS COMPANY HOLDING K.S.C.;2534882;n.a.;n.a.;4703386;n.a.;6378080;17607847;9375483;16738403;1049107;400439;1587477;3621469;587223;34039843
LAKELAND FINANCIAL CORPORATION, INDIANA;30018;3327;0;0;170000;5100;4133830;98623;4019705;8773;155640;200003;598100;4970;4948170
LAURENTIAN BANK OF CANADA;2174150;1928788;1944440;1944440;1320261;5718062;19492860;4944412;25506132;385875;521589;735950;1951110;88639;33702983
LAZARD LIMITED;1180686;n.a.;n.a.;n.a.;n.a.;2323907;1246200;2455559;663138;373594;-64398;2586773;681574;371773;5639581
LIC HOUSING FINANCE LTD;259112;n.a.;n.a.;n.a.;1011348;22714022;1667661;750014;27587985;680;641093;640743;2423173;28;28774577
LIVE OAK BANCSHARES, INC.;203073;96787;0;0;194;2438;4229127;230788;3565501;34370;152215;207936;532386;0;4814970
LLOYDS BANKING GROUP PLC;84880359;73683783;50757899;64465930;25310061;127769294;540330249;382040346;591834761;8046104;13357687;24089762;62728643;3049437;1094192701
M&T BANK CORPORATION;7193650;3500;164042;164042;1499210;5385294;94770110;8685788;89871809;4990191;4130263;6115748;15716631;4593110;119873000
MACQUARIE GROUP LTD;23285928;23285928;1441245;1441245;n.a.;53828716;41583689;45208415;58117254;2017990;1147933;8276971;13451621;1060248;157957752
MAIN STREET CAPITAL CORPORATION;n.a.;n.a.;n.a.;n.a.;n.a.;1114012;n.a.;55246;n.a.;n.a.;137123;193115;1536390;n.a.;2711549
MALAYAN BANKING BERHAD - MAYBANK;6311631;3332702;3415698;14058877;n.a.;13426796;133055813;56749438;125453808;1670486;2955407;6109547;20542266;1395106;203888336
MALAYSIA BUILDING SOCIETY;662563;n.a.;n.a.;2595423;n.a.;724977;6175187;3323897;8296597;77029;37125;337665;2098197;36171;12390875
MARKETAXESS HOLDINGS, INC.;n.a.;n.a.;n.a.;n.a.;n.a.;97991;n.a.;362766;n.a.;207847;n.a.;519415;770091;146861;954930
MASHREQBANK PSC;7530251;296528;296402;3341874;n.a.;3249189;24770274;12973005;20739832;2687;888648;1638979;6056618;2687;43412112
MATSUI SECURITIES CO., LTD.;262006;262006;489963;489963;3268372;1380;n.a.;4904692;1411674;40570;71150;205575;738592;n.a.;6516228
MBANK SA;1146788;888888;264301;464844;n.a.;5249324;30561304;9435816;27690808;251584;1053999;1478099;4253444;7310;41793869
MCB BANK LIMITED;155367;1351;181443;536106;n.a.;137359;7920369;570140;3541604;12779;411441;526342;1106422;530;10410410
MCB GROUP LIMITED;1409668;n.a.;n.a.;108819;n.a.;1821816;9258722;3210997;6415709;41339;366133;582971;1668200;11074;13321333
MEBUKI FINANCIAL GROUP,INC;321104;n.a.;3171509;4190322;2619172;11589163;135755828;18239872;103706379;177700;1378519;1845612;8116228;n.a.;163797687
MEDIOBANCA - BANCA DI CREDITO FINANZIARIO SOCIETA PER AZIONI;9060675;n.a.;n.a.;15785030;n.a.;22848978;27298199;23255517;55349938;1026200;1597977;2739075;11264927;n.a.;89042465
MEGA FINANCIAL HOLDING COMPANY;10968255;119058;8609322;23290598;n.a.;573514;81693254;44399935;62236026;20286;1164779;2171476;10764009;n.a.;122352612
MERITZ SECURITIES CO;960794;n.a.;8381066;8600621;n.a.;11033808;2009470;17684730;11560585;31522;610101;1351536;3471480;n.a.;32915821
META FINANCIAL GROUP, INC;92964;0;147550;147550;49000;213100;4806619;157756;3824559;361514;273915;496245;837068;309505;6180960
METROPOLITAN BANK & TRUST COMPANY;2501596;782083;1803011;4695747;550095;1266554;33780230;8193954;28784171;143465;1517362;2107027;6276427;102475;48297592
MILITARY COMMERCIAL JOINT STOCK BANK;1714160;n.a.;n.a.;2173651;851279;297102;11777565;1865837;10672845;52394;777370;1066570;1722557;2468;17771003
MIRAE ASSET DAEWOO CO LTD;n.a.;n.a.;n.a.;n.a.;n.a.;80038338;5143890;45391501;65016485;536379;481196;1788302;7940608;n.a.;115002418
MITSUBISHI UFJ FINANCIAL GROUP, INC.;276338418;253625556;301294886;335067656;181679316;379957244;1726067686;1084234840;997000688;13784793;17413220;43676340;155066583;2609678;3096332940
MIZRAHI TEFAHOT BANK LTD.;251157;34722;n.a.;206597;n.a.;9681713;61057002;15208333;59422453;25174;1545139;2106771;4862558;25174;79063657
MIZUHO FINANCIAL GROUP;215765877;191579114;175523033;196342500;135686849;137989352;1206896757;643060537;763971866;5852245;6748326;21405907;79704189;563717;1974784585
MONETA MONEY BANK, A.S;1038195;1023960;464392;627514;n.a.;159851;7710491;1248088;6914328;100924;350338;465010;1079130;n.a.;9683613
MONEX GROUP INC;n.a.;n.a.;n.a.;n.a.;261270;n.a.;n.a.;87866;n.a.;1592;8188;41003;674177;n.a.;942861
MORGAN STANLEY;260244000;194773000;62705000;62705000;31943000;180160000;190356000;502446000;172309000;9251000;6669000;41518000;82697000;7143000;895429000
NATIONAL AUSTRALIA BANK LIMITED;54212017;38640724;22592277;45723125;n.a.;119152919;313095556;130626219;401234796;3763242;9150294;11737186;37527139;1932914;571723984
NATIONAL BANK HOLDING CORPORATION;43742;0;56935;56935;207964;29227;4741090;111562;4493790;126388;205830;296370;766917;115027;5895510
NATIONAL BANK OF BAHRAIN;608511;41223;288298;1343085;n.a.;10106;5569149;2639362;3227926;n.a.;248138;334574;1415692;n.a.;8496011
NATIONAL BANK OF CANADA;23876139;13467325;16641337;19859422;n.a.;587386;140829023;78945286;116452124;2141337;2732523;5647416;11501519;1072948;213873854
NATIONAL BANK OF FUJAIRAH PJSC;638726;44656;24398;366728;80011;0;8699722;2840636;7377944;n.a.;289601;465102;1729218;n.a.;11655618
NATIONAL BANK OF GREECE SA;3340991;196595;561700;4998006;n.a.;3006218;49034157;10820587;32781931;225803;1436828;2250170;5928181;0;72176194
NATIONAL BANK OF KUWAIT S.A.K.;15845234;n.a.;n.a.;25018740;1777301;1251625;52567489;34931742;54620025;1923534;1864075;2955014;14054315;1336756;96587210
NATIONAL BANK OF RAS AL-KHAIMAH (P.S.C.) (THE);1795298;n.a.;820601;1741880;n.a.;1372523;9640942;3021165;9407914;45306;671593;1083435;2135210;45306;15553317
NATIONAL COMMERCIAL BANK (THE);4417412;250353;9919223;16582946;21670;735997;94237156;29675472;75277007;250575;4215080;5548528;18610208;n.a.;135270354
NATIXIS SA;159103751;107226269;115756244;188819924;49429594;9560133;34110913;283045087;76686644;5175503;903213;10421106;23395925;4401481;576495103
NATWEST GROUP PLC;78246129;64220558;64812337;91702227;n.a.;71858583;484507452;222489466;429003507;8689057;10558871;15707748;57152005;7357225;948735625
NAVIENT CORPORATION;n.a.;n.a.;n.a.;n.a.;15247000;74951000;n.a.;3781000;86820000;757000;1185000;1553000;3349000;665000;94903000
NBT BANCORP, INC.;46248;0;208775;208775;471518;140389;7587823;216843;7074866;287568;311555;455361;1120397;274769;9715930
NEDBANK GROUP LIMITED;1586320;n.a.;n.a.;4117987;n.a.;4498365;60363088;11134686;55226673;952976;2150862;4061091;7019266;360556;81519063
NELNET;n.a.;n.a.;n.a.;n.a.;n.a.;20529054;n.a.;1235501;20669371;238444;249350;1080595;2391094;156912;23708970
NEW YORK COMMUNITY BANCORP, INC;610150;1733;800000;800000;4525000;9232592;31657130;741870;41746562;2426380;957474;1041634;6711697;2426380;53640800
NH INVESTMENT & SECURITIES CO LTD;2880617;n.a.;7208016;7510314;n.a.;9956127;3747057;35227964;7450732;50130;548473;1285860;4657182;34360;43250175
NIBC HOLDING NV;793120;208952;n.a.;1576130;n.a.;7851442;12752835;4458774;19879684;6740;478568;604389;2300723;5617;25136072
NISHI-NIPPON FINANCIAL HOLDINGS, INC;143477;n.a.;2724260;3083045;3222723;9239126;78027335;15930497;69116911;34213;839696;1095925;4680377;n.a.;99565459
NOMURA HOLDINGS INC;146339582;146339582;159251413;159251413;60731612;71533259;n.a.;287978317;47073718;1185041;1194287;11847553;25126625;4342;404782121
NORDEA BANK ABP;9566873;n.a.;2582696;38873005;49750886;180287702;186962944;144757935;362566069;4150962;4850841;9690447;35418551;2211974;623316162
NORTHEAST SECURITIES CO., LTD;3313970;641131;1571239;1914915;n.a.;2540474;n.a.;7344076;1399396;45988;-11475;1140517;2311410;10866;9763550
NORTHERN TRUST CORPORATION;41814585;712785;889939;889939;6911380;4587989;109120649;44198324;31305040;817387;1677888;6073437;11090956;696822;136828000
NORTHWEST BANCSHARES INC;33711;0;92736;92736;153600;173892;8684820;182749;8769238;371026;375427;474918;1353285;346103;10638200
NORWEGIAN FINANS HOLDING ASA;238515;n.a.;n.a.;6008;n.a.;838332;4569290;1920104;4619647;58182;599167;635751;1079010;n.a.;6614281
NOVA LJUBLJANSKA BANKA D.D.;320870;n.a.;n.a.;239537;9737;318004;13045275;3124340;8543102;44421;357788;613757;1944489;3964;15923168
OAKTREE CAPITAL GROUP, LLC;n.a.;n.a.;n.a.;n.a.;n.a.;5972269;n.a.;8209434;2596;n.a.;171711;1239489;1702169;n.a.;9264762
OCEANFIRST FINANCIAL CORP;38601;0;71739;71739;363024;274709;6346025;116540;6207678;390282;256751;299246;1153119;374632;8259870
OFG BANCORP;731262;0;190000;190000;45254;184893;7686840;826547;6641843;193813;325058;401017;1045479;86069;9297660
OLD NATIONAL BANCORP;41571;0;678196;678196;90728;2055440;14553470;282505;12109879;1122463;604273;804335;2852456;1036990;20411700
ORIENT SECURITIES CO LTD;6211177;3464511;8226429;9140221;n.a.;9867519;n.a.;30882625;1932739;28718;127468;2749577;7730304;4599;37637246
OTP BANK PLC;1391325;n.a.;n.a.;2759717;n.a.;2365810;51473528;13666150;40303528;821806;2364962;4105154;7773929;357261;68269548
OVERSEA-CHINESE BANKING CORPORATION LIMITED OCBC;15435148;166381;n.a.;6123575;13266061;8765892;224800403;81206766;194736196;3696481;4699558;8349214;36076896;3316565;364972194
PACIFIC PREMIER BANCORP INC;193711;0;0;0;491000;241171;8913080;331661;8688284;899316;447301;483006;2012590;808322;11776000
PACWEST BANCORP;465039;0;441000;441000;1349560;572007;19234670;637623;18708115;2588205;1014634;1160711;4954703;2548670;26770800
PARAGON BANKING GROUP PLC;503111;n.a.;n.a.;1224442;n.a.;6953756;7862676;1507365;15069094;210470;342460;365340;1363443;202228;17707905
PARGESA HOLDING SA;1405598;n.a.;n.a.;14357;1019108;6619087;n.a.;22648626;1075398;6037079;-98430;6624974;23977380;5333712;35125696
PARK NATIONAL CORPORATION;24389;21302;175657;175657;50000;207500;7052610;159956;6444509;181188;297737;394930;969014;159595;8562740
PEOPLE'S UNITED FINANCIAL, INC;318624;0;2029080;2029080;3105850;1012663;43589090;804571;43921201;3285281;1445582;1837860;7947181;3065520;58579600
PING AN BANK CO LTD;32541004;8904537;5739087;78458851;59885787;14733076;352049231;75126663;323364674;1707314;12875483;19749248;44795048;1083154;563771284
PINNACLE FINANCIAL PARTNERS, INC.;368806;20977;126354;126354;633472;2264608;20181030;569843;19792528;1870940;769103;1022945;4355871;1819810;27805500
PIPER SANDLER COMPANIES;n.a.;n.a.;n.a.;n.a.;49978;175000;n.a.;869398;n.a.;104335;15008;894138;806528;87649;1628719
PNC FINANCIAL SERVICES GROUP INC;25835210;2422410;6299030;6299030;20796100;34882719;288555830;34127750;238193160;11084680;9965065;17821543;49342459;9233140;410373000
POPULAR, INC;3262000;0;193000;193000;243000;981000;43758000;3690000;26746000;851000;1892000;2487000;6017000;671000;52115000
POSTAL SAVINGS BANK OF CHINA CO LTD;63741806;21095463;14120223;27555031;n.a.;12101617;1333056521;154698438;688143975;294833;34381565;39661657;77984685;n.a.;1462245013
POWSZECHNA KASA OSZCZEDNOSCI BANK POLSKI SA - PKO BP SA;1362140;284646;n.a.;676199;1043790;8112278;67976403;22900175;60655920;836822;2706638;3956078;10948205;315981;91645991
PRESIDENT SECURITIES CORP;216567;n.a.;696082;696082;98484;7214;n.a.;1609423;n.a.;4290;22420;222999;889051;1395;3180575
PRINCIPAL FINANCIAL GROUP INC;n.a.;n.a.;n.a.;n.a.;n.a.;n.a.;n.a.;n.a.;n.a.;n.a.;n.a.;n.a.;n.a.;n.a.;n.a.
PRIVREDNA BANKA ZAGREB D.D;1153249;n.a.;n.a.;270229;n.a.;818507;13515369;5749401;10611421;49775;423013;736551;2619885;2105;17732118
PROMINVESTBANK;26698;n.a.;n.a.;29883;n.a.;n.a.;10360;32342;171255;7263;39047;53688;133307;n.a.;299950
PROSPERITY BANCSHARES, INC;41025;519;377294;377294;1307700;176322;24227460;575924;18757890;3310074;698096;819068;5970838;3223670;32195300
PROVIDENT FINANCIAL SERVICES, INC.;72869;55146;60737;60737;794115;313109;7129407;186701;7277365;437019;297970;361613;1413979;419762;9808580
PSG GROUP LIMITED;35570;n.a.;n.a.;n.a.;n.a.;678405;n.a.;3938378;21226;288356;n.a.;1725826;1989225;170582;6808687
PT BANK BTPN TBK;421925;n.a.;n.a.;840986;422071;2991425;5726163;888443;10151809;76868;511762;886618;2264004;4397;13066062
PT BANK BUKOPIN;317837;n.a.;307537;390577;n.a.;206467;5813498;505752;4879919;17833;134306;201327;640636;13631;7212734
PT BANK CENTRAL ASIA TBK;1807526;688840;8147;491383;204378;96348;50282702;5786739;41918974;99090;3607802;5152329;12527379;61566;66109562
PT BANK CIMB NIAGA TBK;280211;37613;753236;851401;263648;597534;14070947;1712364;13536972;122585;816207;1210325;3114463;n.a.;19744417
PT BANK MAYAPADA INTERNASIONAL TBK;536438;491525;n.a.;201;n.a.;196988;5539823;748482;4968526;n.a.;210044;215101;887847;n.a.;6719574
PT BANK MAYBANK INDONESIA TBK;499398;176598;52196;277652;487914;1029300;7956332;1048264;8633820;16481;469673;773695;1919639;513;12163353
PT BANK RAKYAT INDONESIA AGRONIAGA TBK;189352;163224;n.a.;53583;18759;17149;1521084;318900;1333179;n.a.;49868;54440;322401;n.a.;1947192
PT BANK TABUNGAN PENSIUNAN NASIONAL SYARIAH;2724;n.a.;n.a.;n.a.;n.a.;n.a.;679559;358790;632836;4805;264708;284403;387981;n.a.;1106613
PT BPD JAWA BARAT DAN BANTEN TBK;326297;227483;272810;384790;364835;590169;6041995;1113919;6219184;n.a.;406080;491002;866314;n.a.;8886874
PT. BANK PANIN, TBK;1120386;840377;353245;631311;292490;1212709;9452764;1562211;10597235;10455;599343;782722;3197015;n.a.;15199432
PUBLIC BANK BERHAD;2178285;2006;237179;2312701;14327037;3275567;72011503;14281653;80263041;596955;1850284;2713413;10933709;583380;105761924
PUNJAB NATIONAL BANK;6095275;n.a.;n.a.;6823105;n.a.;5567313;90117713;11216099;62353240;18076;2377235;3531918;8521096;n.a.;112946484
QATAR NATIONAL BANK (Q.P.S.C.);21790182;n.a.;6829496;21534024;n.a.;16385577;188046416;40056216;186451063;1097038;5548481;7042935;26021751;539231;259532345
QINGDAO RURAL COMMERCIAL BANK CO LTD;2233372;323840;2486316;12245995;n.a.;1159349;31316107;10213096;24473383;12217;1014787;1249347;3615529;n.a.;48900441
QNB ALAHLI BANK (S.A.E.);211728;n.a.;n.a.;1002349;n.a.;351715;13013524;4015348;9599589;13118;859930;992698;2207392;n.a.;17070724
QNB FINANSBANK A.S.;3269635;2528455;470181;3096256;n.a.;6658449;16832136;6256635;19621330;80638;1087719;1609138;2823847;n.a.;31472302
RAIFFEISEN BANK INTERNATIONAL AG;11457955;n.a.;1197854;26581672;n.a.;10415543;107656710;48888071;102458810;850902;3833114;6149117;15463580;113827;170980901
RAYMOND JAMES FINANCIAL INC;3896641;326191;200010;200010;882651;1917480;22975103;5221980;24760033;609993;1001871;7925996;6902492;464723;40154000
RBL BANK LTD;325763;n.a.;n.a.;1073016;n.a.;2255981;6595794;1176807;7692776;13676;516531;760818;1401446;5396;11803727
REGIONAL, S.A.B. DE C.V.;212892;n.a.;294664;801053;n.a.;150648;5237090;528198;5572613;32422;408645;650086;1044669;2016;7529769
REGIONS FINANCIAL CORPORATION;2516000;0;0;0;3854000;6102000;97874000;4517000;82731000;5355000;3734000;5908000;16295000;4845000;126633000
RENASANT CORPORATION;223865;0;9091;9091;480004;376504;10213160;414930;9955750;1032292;443657;594863;2125693;939683;13400600
REPUBLIC FINANCIAL HOLDINGS LIMITED;1296415;n.a.;n.a.;775427;n.a.;n.a.;9063591;2067586;6611280;129309;565040;864838;1663817;108087;12959424
RESONA HOLDINGS, INC;5344048;n.a.;4898188;5538813;20787922;10772825;486752353;149456629;335651631;457866;3966237;6402549;21311335;n.a.;556692328
RESURS HOLDING AB;444007;n.a.;n.a.;10205;n.a.;889340;2624825;805799;3370661;221888;312031;395011;767934;190714;4489451
RHB BANK BERHAD;307433;39732;547960;5811082;245985;1541500;46562059;14004866;42330280;802452;882002;1725892;6306856;648533;62942577
RINGKJOEBING LANDBOBANK;31776;4400;2813;328277;n.a.;661119;5070701;2355348;5312455;157258;175003;325940;1139903;138297;7930151
RIYAD BANK;5163650;3901013;2904267;3499862;n.a.;1067474;51871442;12148680;46395202;n.a.;2089871;2898722;10819057;n.a.;70877038
RMB HOLDINGS LIMITED;n.a.;n.a.;n.a.;n.a.;n.a.;1835;n.a.;21242;59843;n.a.;-17854;726025;3479318;n.a.;3758423
ROTHSCHILD & CO;2248725;754345;229286;677066;3603;287262;10484094;8560205;3731610;349890;76862;2103324;3015735;157560;15903449
ROYAL BANK OF CANADA;274266709;245129172;184484037;204082061;n.a.;7458206;653658035;449441476;470255305;12089665;15006838;31851823;63544831;8537994;1085816837
S & T BANCORP, INC.;117443;28519;19888;19888;306992;141980;7036580;203810;7080182;387201;246791;298896;1191998;371621;8764650
SAHARA BANK;5165008;n.a.;n.a.;1813;n.a.;n.a.;7339672;5248822;1474823;n.a.;n.a.;80589;315939;n.a.;9554387
SAIGON - HANOI COMMERCIAL JOINT STOCK BANK;1455776;n.a.;n.a.;2131238;666286;596615;11195714;1970505;11316399;1920;338175;406739;799285;n.a.;15774318
SAIGON THUONG TIN COMMERCIAL JOINT-STOCK BANK- SACOMBANK;567951;n.a.;n.a.;162691;413459;0;17311353;1448074;12613203;15977;396488;627717;1154897;n.a.;19588904
SAMBA FINANCIAL GROUP;2872279;1904708;1876800;4176482;n.a.;1675893;48040184;22377244;37758734;4074;1700440;2292943;12119689;4074;68161017
SAMSUNG SECURITIES CO LTD;2636458;n.a.;12274399;12924770;n.a.;2675284;6080887;30192847;8086649;69018;439349;1072843;4274727;n.a.;38633263
SANDY SPRING BANCORP, INC;63634;208;213605;213605;134167;589016;6440330;146103;6702797;355889;265308;336471;1132974;347149;8629000
SANTANDER BANK POLSKA S.A.;1466085;487445;260911;1585856;n.a.;3688132;41203975;14601797;37760387;654126;1732672;2504139;7104171;450814;55158689
SANTANDER CONSUMER USA HOLDINGS INC;n.a.;n.a.;422262;422262;2341920;36429959;n.a.;3168192;27767019;116828;4662533;4656555;7318620;74056;48933529
SAUDI BRITISH BANK JSC (THE);3371063;2040992;n.a.;974050;n.a.;399934;51244409;8104753;41247194;4092239;1963722;2541404;14976068;3491601;70792655
SAUDI INVESTMENT BANK (THE);5294271;4486667;2752803;3676851;3100;600991;18415482;9595623;15230109;67823;607438;775036;3735202;n.a.;26883894
SBI HOLDINGS, INC;26178814;9866587;4621895;11376459;n.a.;10570838;16371767;39234215;6819062;1750488;1263661;2574306;5461813;1441003;50719661
SCHRODERS PLC;459515;n.a.;n.a.;127410;n.a.;4558278;n.a.;6754030;528928;1487191;69938;2785170;5048497;999596;27904444
SCOTIABANK CHILE;1289544;31084;1462925;6264101;n.a.;8739074;21473450;3627421;33273719;250661;1160757;1669053;2879352;n.a.;46538491
SCOTIABANK PERU SAA;454811;n.a.;2121627;5390465;n.a.;666979;13507210;4657982;15089677;294204;1326677;1692376;2986777;174011;23028008
SCOTIABANK TRINIDAD & TOBAGO LIMITED;128902;n.a.;n.a.;182849;n.a.;n.a.;2652733;889476;2321190;437;196564;275826;619939;437;3766531
SEACOAST BANKING CORPORATION OF FLORIDA;38430;0;86121;86121;319333;96850;5584750;128273;5183275;225351;243619;301008;985639;205285;7108510
SEALAND SECURITIES CO., LTD.;2627605;1009319;2623491;3481111;n.a.;1861653;n.a.;4285063;764423;21832;76457;509547;2076833;3162;9490215
SECURITY BANK CORPORATION;336418;132748;971645;1844336;n.a.;988696;9845614;1091779;8688704;68645;529001;664519;2331039;16585;15627592
SEI INVESTMENTS COMPANY;n.a.;n.a.;n.a.;n.a.;n.a.;47606;n.a.;878033;n.a.;388544;15952;1820902;1738778;64489;2151370
SERVISFIRST BANCSHARES, INC.;551982;100473;470749;470749;0;64703;7530433;630600;7191178;14179;287645;311339;842682;13615;8947650
SEVEN BANK LTD;n.a.;n.a.;n.a.;n.a.;7360;967765;6290341;7805391;213965;272907;26633;941868;2049963;n.a.;9989743
SHANGHAI COMMERCIAL & SAVINGS BANK LTD;8495631;63096;367389;2808515;n.a.;2513440;54974679;25605529;36940457;60046;994678;1359955;6783575;3003;68941630
SHANGHAI PUDONG DEVELOPMENT BANK;39990697;411192;32572348;232485328;102189494;44512809;524093597;132938742;562537564;2481466;18441391;27291827;80299269;999141;1002709165
SHANXI SECURITIES CO., LTD;2644402;392504;1746192;2535055;n.a.;921103;n.a.;5828529;782654;85086;-20405;730239;1891476;68261;7971343
SHENGJING BANK;6876859;2678322;8604141;29492845;n.a.;6565145;93755687;38310704;63886577;36937;2340039;3006622;11324171;n.a.;146197336
SHENWAN HONGYUAN GROUP;9203745;5617710;12014288;13581638;n.a.;15892632;n.a.;33349056;7592445;20569;460809;3520252;12141320;n.a.;55608597
SHIN KONG FINANCIAL HOLDING CO.,LTD;7147351;356630;1355988;1638118;233726;2057365;25652007;34997684;25076935;100288;3494379;2122733;6486975;77561;132237221
SHINHAN FINANCIAL GROUP;10364372;n.a.;7850869;8482513;n.a.;86720909;254684971;107939310;281050099;4801100;8410748;11325527;36215565;4050828;477128682
SHINKIN CENTRAL BANK;1917525;203818;18587498;19012439;202585;49557619;286787931;129905589;77617786;205262;860184;1515538;14262061;n.a.;375971457
SHINSEI BANK LIMITED;679660;n.a.;3581996;5099936;4194572;11687930;53810591;17495125;46020296;617047;1228252;3138528;8376118;97755;94080693
SIGNATURE BANK;52280;0;150000;150000;3091069;1749780;40386190;935796;39150227;60;1332147;1345682;4769823;0;50621162
SILVERGATE CAPITAL CORPORATION;n.a.;n.a.;n.a.;n.a.;0;3714;n.a.;19086;0;n.a.;n.a.;27283;231036;n.a.;251829
SIMMONS FIRST NATIONAL CORPORATION;716747;0;150145;150145;1258640;460167;16108870;1000969;14675195;1182860;605275;814748;2988922;1055520;21264500
SINOLINK SECURITIES CO., LTD;2765991;775647;410423;439184;335094;594700;n.a.;4694361;1314933;15923;110319;622526;2975299;6591;7177763
SINOPAC FINANCIAL HOLDINGS;4605834;1190712;1290098;3077732;n.a.;1583458;46005612;16508571;33320627;72642;534899;1209810;4928113;36147;60888882
SKANDINAVISKA ENSKILDA BANKEN AB;24856279;19947845;906305;9988816;31080081;66003892;124379146;73537362;177804242;880174;2467928;5391266;16743196;515308;307189571
SLM CORPORATION;n.a.;n.a.;n.a.;n.a.;289230;4354037;24283983;5720760;24667792;n.a.;1623315;1672242;3311836;n.a.;32686479
SOCIEDAD MATRIZ DEL BANCO DE CHILE S.A.;n.a.;n.a.;n.a.;n.a.;n.a.;n.a.;n.a.;7706;n.a.;n.a.;49;-214;3096;n.a.;7860
SOCIETE GENERALE;211000331;168088703;130246979;245666203;n.a.;159392465;460427677;515650643;508965291;7852565;12565227;27570479;77031528;5197971;1523670592
SOOCHOW SECURITIES CO., LTD;4008114;1403502;1878607;1878607;n.a.;4093571;n.a.;9324105;1660785;48278;46885;734294;3042191;21455;13773385
SOUTH STATE CORP;426685;100517;298741;298741;706098;198684;12177100;688704;11372472;1083241;504201;659448;2373013;1002900;15921100
SOUTHSIDE BANCSHARES, INC;43748;0;28358;28358;957121;184623;4702770;110697;3543786;216463;169805;211314;804580;201116;6748910
SOUTHWEST SECURITIES CO LTD;2144662;223284;2077523;2279083;n.a.;2212681;n.a.;4673274;1513965;51359;26840;499333;2799167;27540;9424788
SPAR NORD BANK;1459279;1359966;414027;608457;n.a.;612801;7980797;4363606;6464597;26064;235624;491320;1462125;23817;13947633
SPAREBANK 1 OESTLANDET;136560;n.a.;n.a.;415718;n.a.;3550000;8940091;2329271;12154670;46355;246811;483030;1811276;34738;15351139
SPAREBANK 1 SMN;240319;n.a.;n.a.;1008314;n.a.;5194647;9785535;3296014;14268565;99317;306036;697267;2325740;83485;18982004
SPAREBANK 1 SR-BANK ASA;357859;n.a.;n.a.;257859;1047494;12425057;11743280;3466401;23426879;31093;454100;732005;2828474;28929;29145216
STANBIC IBTC HOLDINGS PLC;375987;n.a.;329423;1140182;173661;474401;2077655;1902560;1733303;17042;253521;607661;984459;n.a.;6112234
STANDARD BANK GROUP LIMITED;2451100;2451100;1902315;10537918;n.a.;2349713;93049812;47249441;84208300;1591596;4486030;8336790;14935894;162774;162246071
STANDARD CHARTERED PLC;121791000;69583000;56042000;84604000;n.a.;70527000;405357000;325642000;271064000;5290000;7667000;15717000;50661000;3079000;720398000
STATE BANK OF INDIA;22402574;n.a.;n.a.;6075957;n.a.;39519183;432884420;44551073;304138323;205607;14422837;26142062;34357080;205607;556800710
STATE STREET CORPORATION;70452000;1487000;1102000;1102000;1873000;12495000;181873000;74274000;26235000;9586000;2723000;11770000;24431000;7556000;245610000
STERLING BANCORP INC;174907;0;22678;22678;1468770;1394511;22477030;329151;21342087;1802152;918928;1053653;4530118;1683480;30639500
STIFEL FINANCIAL CORP;1319945;385008;391634;391634;1158480;777010;15332617;2631910;11365514;1360970;553438;3337029;3669790;1194070;24610200
STONEX GROUP INC;2847700;2847700;4233600;4233600;n.a.;167600;n.a.;6477600;n.a.;67900;44200;32633100;594200;51200;9936100
STOREBRAND GROUP;4670;n.a.;n.a.;50797;n.a.;3149658;1640547;41186446;6908656;708428;897494;1677677;3803872;246241;72115033
SUMITOMO MITSUI FINANCIAL GROUP, INC;153808119;126576996;143730640;178142223;123284632;241829272;1168741687;747381783;754723227;6932650;11744195;34838060;99217133;1787387;2022663529
SUMITOMO MITSUI TRUST HOLDINGS, INC;19039623;18044334;14341482;15656790;97613444;79967114;282326781;140459094;272089890;1190938;1172732;9396633;23835383;414784;519784305
SUNCORP GROUP LIMITED;345109;n.a.;n.a.;244135;1571316;12513815;26655657;15253244;40910922;3776137;1040858;2558921;9082786;3271961;66556151
SVB FINANCIAL GROUP;5966420;289340;0;0;18596;565964;62138220;6680925;32859676;187240;2097618;3318075;6621078;137823;71384000
SVENSKA HANDELSBANKEN AB;3051843;1122773;n.a.;15913993;n.a.;157376038;115689567;58423967;245412233;1202779;3455636;4792189;17187530;753498;330096564
SWEDBANK AB;9906014;5512243;2473;7495725;13847494;81610120;102587721;52519652;172661274;1921005;2794726;4942307;14907896;1474197;258968737
SYDBANK A/S;2852499;2622568;1428122;1917944;n.a.;1393071;12626762;11885588;9070537;35800;255546;578349;1762159;n.a.;22130050
SYNCHRONY FINANCIAL;10050000;0;0;0;4206000;15660000;65159000;11237000;81777000;2343000;12946000;13313000;15088000;1078000;104826000
SYNOVUS FINANCIAL CORP;650667;76642;165690;165690;2352010;1558319;38405510;1194130;36996171;555979;1595805;1948658;4941697;497267;48203300
T. ROWE PRICE GROUP, INC;n.a.;n.a.;n.a.;n.a.;n.a.;146300;n.a.;1859300;n.a.;665700;n.a.;5355400;8223100;665700;9330400
TAICHUNG COMMERCIAL BANK;580982;340687;344417;763573;n.a.;494761;19375605;3068288;14462178;5086;277371;401565;1704285;n.a.;22676175
TAISHIN FINANCIAL HOLDING CO., LTD;1500008;387168;3990732;5814234;176114;2176114;47634522;15466486;37815289;81793;650677;1450222;5946248;52062;67459686
TAIWAN BUSINESS BANK,LTD;3117642;445065;28851;3534655;n.a.;1803334;47666562;9926437;37615855;11705;565705;773421;3172682;n.a.;58000159
TAIWAN COOPERATIVE FINANCIAL HOLDING CO LTD;2020237;47709;1513148;9583506;n.a.;2327889;96054112;22939379;72856473;123288;1174045;1715257;7536946;105295;124210739
TATRA BANKA A.S.;226744;194552;61140;254913;n.a.;1108629;13372336;858852;12310214;60431;329118;531939;1394560;13728;16301715
TBC BANK GROUP PLC;122532;n.a.;n.a.;58240;n.a.;1854626;3504315;705262;4395878;79909;279506;392580;923268;21466;6419875
TCF FINANCIAL CORPORATION;735513;36273;219145;219145;2767180;2037270;34506030;1230485;34584234;1524561;1288532;1761165;5727244;1299880;46671900
TEXAS CAPITAL BANCSHARES, INC;4263770;30000;141766;141766;2401900;395535;26478630;4425587;27028383;84213;985939;1054157;2830790;15094;32548100
TFS FINANCIAL CORP;n.a.;n.a.;n.a.;n.a.;3587616;315365;8766384;278809;13195745;17812;265421;285885;1696754;9732;14542356
THANACHART CAPITAL PUBLIC COMPANY LIMITED;44307;n.a.;n.a.;519334;n.a.;1485058;n.a.;236287;1964151;5008;90854;480626;2456018;n.a.;5336823
THE 77 BANK;91601;n.a.;110267;190359;2658694;2631251;69705531;7138317;44369836;3533;624526;840561;4116237;n.a.;80681116
THE BLACKSTONE GROUP INC;n.a.;n.a.;154118;154118;n.a.;11623717;n.a.;2523651;n.a.;2267368;-17250;7583018;15015401;1869860;32585506
THE CHUGOKU BANK, LTD;660874;n.a.;3145060;3421674;2124039;1450202;61653921;5975170;44703405;28188;533247;846237;4702778;n.a.;74952956
THE COMMERCIAL BANK (PQSC);3405614;n.a.;2534015;6189776;n.a.;5961838;20960603;5916878;24178421;64939;814061;1192265;5976986;30180;40532003
THE GUNMA BANK LTD;164416;n.a.;1007663;1007663;1555777;4895354;64766405;7956790;50577352;89788;621711;1151858;4489669;n.a.;77432054
THE HACHIJUNI BANK, LTD;394112;n.a.;5677452;13460175;2370506;7235428;64172072;15817507;49288741;46375;634784;1179062;6885281;n.a.;96325183
THE PACIFIC SECURITIES CO.,LTD.;1474564;528294;954029;973351;n.a.;954939;n.a.;3494072;322013;7900;-32804;254327;1494700;n.a.;4397841
THE SHIGA BANK, LTD;115805;n.a.;2166863;3421564;613459;4350368;44953387;8718676;35247573;18031;394029;683385;3457222;n.a.;57819708
THE SHIZUOKA BANK;1667976;n.a.;3066973;4273073;1283836;6794103;91685330;14490580;81826857;427387;976909;1378804;9133321;n.a.;115388891
THE SIAM COMMERCIAL BANK PUBLIC COMPANY LIMITED;2212874;n.a.;n.a.;4836639;n.a.;2585130;71613220;16944325;66407808;636300;3296445;4711616;13293310;42117;98287006
TIEN PHONG COMMERCIAL JOINT STOCK BANK;907962;n.a.;n.a.;1772486;501859;151653;3992205;1314590;4078401;8725;243288;379553;564659;n.a.;7101643
TISCO FINANCIAL GROUP PCL;1436218;n.a.;n.a.;154412;n.a.;829639;7166033;1538857;7738621;10926;424236;644735;1299865;n.a.;9892688
TMB BANK PUBLIC COMPANY LIMITED;4739537;n.a.;n.a.;2872786;n.a.;3609306;46365724;8845911;44724747;741626;890927;1320607;6460552;464781;61623344
TOMPKINS FINANCIAL CORP;1972;0;60346;60346;409343;301715;5212924;137982;4877655;98670;210628;286061;663054;92447;6725620
TORONTO DOMINION BANK;145530391;126090422;95635256;108363979;n.a.;18853343;661265938;351240111;521583571;14801671;18184650;29737081;66642095;12899696;1075448296
TOWNE BANK;36236;0;51717;51717;365000;355819;9331167;442616;8780399;501215;358697;654487;1653694;446816;11947775
TP ICAP PLC;922441;855522;855522;855522;n.a.;1087772;n.a.;1949855;10497;2062700;-64295;2393362;2270020;1302965;68317090
TRANSILVANIA BANK;1472738;11933;n.a.;415429;n.a.;489966;18080422;8396565;9470956;57714;721401;1109170;2162466;2459;21527010
TRICO BANCSHARES;183690;0;0;0;18664;84562;5366996;276506;4282019;250629;257069;310746;906570;220872;6471180
TRIUMPH BANCORP, INC;130133;0;2033;2033;400000;177934;3789904;197879;4168154;190286;255989;287472;636591;158743;5060300
TRUIST FINANCIAL CORPORATION;16387000;1417000;2228000;2228000;21092000;35163000;334727000;26177000;306666000;29926000;7313000;12561000;66558000;24154000;473078000
TRUSTMARK CORPORATION;135348;0;256020;256020;57416;89836;11245560;358916;9549485;466364;426589;610799;1660706;379627;13497900
TURKIYE HALK BANKASI A.S.;12887161;12172234;11450455;16110230;n.a.;8554983;45905276;18480261;51601758;35071;1962597;2365036;5408970;n.a.;78810299
TURKIYE IS BANKASI A.S. - ISBANK;4206118;501294;481685;1502889;9452002;14124042;48564417;19454709;53556817;323040;3812592;7661880;12486474;63247;94125014
TURKIYE VAKIFLAR BANKASI TAO;6875758;5676424;4276151;5828848;n.a.;15893598;41154041;17127706;47588640;57485;2324852;3309653;5703530;n.a.;72868122
UCO BANK;1466539;n.a.;n.a.;1305330;n.a.;1040786;25364437;2365478;13417369;n.a.;675494;1032421;2548172;n.a.;31293405
UMB FINANCIAL CORPORATION;2803840;1578350;1896510;1896510;0;97490;21603240;3322416;13337715;208464;670905;1097675;2606438;180867;26561400
UMPQUA HOLDINGS CORPORATION;980158;1;311308;311308;537968;855741;22481640;1376967;21551502;1926139;925564;1256363;4313912;1787650;28846800
UNICAJA BANCO SA;1428841;1247285;3157057;7514381;n.a.;1566499;47319048;8644615;30347236;74397;649935;1257562;4460341;56924;63705326
UNICREDIT SPA;114214940;n.a.;n.a.;152301565;n.a.;108184529;531331059;276586661;589553503;3145520;11539563;20713247;69409260;n.a.;961233715
UNION BANK OF INDIA;5375056;n.a.;n.a.;783878;n.a.;6992562;59232138;8043848;41425114;10746;1544375;2227818;4508721;1657;73688719
UNION BANK OF TAIWAN PUBLIC COMPANY;1906984;1707893;2171575;2565541;20245;414520;17700760;4624406;12776512;70998;215155;462004;1868394;65944;23090453
UNION BANK OF THE PHILIPPINES;2141386;685277;n.a.;2151427;n.a.;1000354;9462372;3059948;6881661;328994;440164;699577;1931597;304579;15189728
UNITED BANK LIMITED;416352;61021;482668;826992;n.a.;388584;10060303;1623088;4487338;13372;410609;565472;1232500;n.a.;13067703
UNITED BANKSHARES, INC.;652255;820;124654;124654;1003080;1084946;13852440;837493;14022557;1507941;577922;724558;3363839;1478010;19662300
UNITED COMMUNITY BANKS, INC;286282;0;0;0;479;234225;10900620;517377;8808945;362606;465680;573427;1635690;327425;12918700
UNITED OVERSEAS BANK LIMITED UOB;39222056;n.a.;n.a.;11357878;6479124;12356191;230645845;81609522;197044179;3078830;4871111;7482976;29590206;3078830;300184524
US BANCORP;17897000;1036000;1993000;1993000;23873000;36396000;361916000;25278000;297660000;12878000;13052000;22886000;52483000;9655000;495426000
VALLEY NATIONAL BANCORP;178423;0;503280;503280;1060120;2017872;29185890;434687;29613554;1460402;898044;1113911;4384190;1373630;37453400
VAN LANSCHOT KEMPEN NV;334274;195809;n.a.;159203;n.a.;1998189;10722958;5005115;9658873;158749;196479;626273;1479035;107000;16085797
VERITEX HOLDINGS, INC.;186399;0;2353;2353;75000;748441;5894800;251550;5905456;442921;285097;313005;1190798;370658;7954710
VIETNAM EXPORT IMPORT COMMERCIAL JOINT STOCK BANK;1116718;n.a.;n.a.;375066;n.a.;n.a.;6015049;1230312;4844827;114009;139079;190312;680169;n.a.;7235514
VIETNAM JOINT-STOCK COMMERCIAL BANK FOR INDUSTRY AND TRADE;5587930;n.a.;n.a.;7777411;840030;1873952;38556910;7185072;39832661;197564;1433774;1757944;3340739;n.a.;53582877
VIETNAM PROSPERITY JOINT STOCK COMMERCIAL BANK;867957;n.a.;n.a.;2197689;1402395;1097780;9239887;1041825;10930679;25061;1324572;1580482;1822921;n.a.;16290397
VIETNAM TECHNOLOGICAL AND COMMERCIAL JOINT-STOCK BANK - TECHCOMBANK;2072564;n.a.;n.a.;2645936;178307;575769;9989064;2714421;9841731;15126;615757;915286;2680750;n.a.;16570912
VZ HOLDING AG;n.a.;n.a.;n.a.;151009;423;378783;2980473;1291530;1987;8304;8120;306573;567831;n.a.;4189456
WADDELL & REED FINANCIAL;n.a.;n.a.;n.a.;n.a.;n.a.;94926;n.a.;406855;n.a.;145869;-6195;1068075;828102;106970;1266328
WALKER & DUNLOP INC;n.a.;n.a.;131984;131984;725581;441231;n.a.;916397;543542;901758;68175;802860;1042285;180424;2675199
WASHINGTON FEDERAL INC;326758;0;0;0;950000;1300000;11994460;483806;11907087;310477;486363;566421;2050916;302231;16423200
WATERLAND FINANCIAL HOLDINGS CO., LTD;101409;51005;6390456;7051126;n.a.;6169;n.a.;8078357;n.a.;7148;59653;232172;1322951;5394;9515605
WEBSTER FINANCIAL CORP;124271;387;1040430;1040430;1691050;974347;23327062;258885;19866257;577774;959726;1241117;3207768;538373;30423600
WELLS FARGO & COMPANY;225074000;104974000;92403000;92403000;51507000;194090000;1322960000;354976000;973227000;41920000;47768000;85256000;187984000;28033000;1927550000
WESBANCO, INC;38521;0;282362;282362;1056360;621584;11004030;242597;10263584;1149304;400636;515479;2593925;1068720;15719300
WESTAMERICA BANCORPORATION;286831;0;30928;30928;0;17136;4813317;374106;1107176;123064;156794;206768;731417;121673;5646350
WESTERN ALLIANCE BANCORPORATION;248619;0;16675;16675;0;393563;22796530;434596;20955506;297847;1040414;1102019;3016750;289895;26821900
WESTERN SECURITIES CO., LTD;1870936;142766;1694121;1823003;329050;86202;n.a.;5250336;657331;24792;32216;526770;2538527;894;6955560
WESTPAC BANKING CORPORATION;8613749;8613749;9375036;9375036;n.a.;137195696;380135398;87973889;482398270;8067080;11410534;13894841;44210674;6003235;611881883
WINTRUST FINANCIAL CORPORATION;2164869;309;20520;20520;228020;1854901;30348981;2452104;27044485;777915;1054919;1460288;3691252;645220;36607700
WOORI FINANCIAL GROUP;12517035;n.a.;491451;614863;n.a.;42446958;228610798;48775256;234275972;729064;5090435;6539956;22017907;302887;312645300
WSFS FINANCIAL CORPORATION;83911;0;195000;195000;49462;244826;9586860;571752;8508336;568745;444948;631911;1849487;472828;12256300
WUXI RURAL COMMERCIAL BANK CO.,LTD;540026;86322;388374;1821455;n.a.;771316;18800361;2442630;11750032;31217;421437;506614;1678868;n.a.;23173339
YAMAGUCHI FINANCIAL GROUP, INC;200377;n.a.;1485419;2331711;4778059;259384;82857031;9154545;69795982;98234;811003;1351748;5798004;20589;97565919
YAPI VE KREDI BANKASI A.S.;6376003;n.a.;n.a.;1658829;n.a.;14998566;38266926;7569684;41129077;330520;2176205;3178925;6619384;172150;68788699
YES BANK LIMITED;344785;175099;n.a.;8159328;n.a.;8191519;12713165;1133216;22725814;n.a.;901224;2458482;2877854;n.a.;34201642
YUANTA FINANCIAL HOLDING CO LTD;3688053;1581192;6598881;7034244;1578668;2912971;36388303;28409453;25691919;1102686;868030;2178986;8310848;997472;80193951
ZAGREBACKA BANKA DD;1999425;n.a.;n.a.;1241370;n.a.;8271;17113764;7656343;12538665;54136;520007;864824;2863046;7369;21890068
ZENITH BANK PLC;2303267;n.a.;n.a.;n.a.;n.a.;1250049;13883677;6343104;7509983;53736;869808;1625420;3068032;n.a.;20673872
ZENKOKU HOSHO CO., LTD;596596;n.a.;n.a.;n.a.;n.a.;275989;304;1815327;26219;6053;n.a.;415851;1334397;n.a.;3431168
ZIONS BANCORPORATION, NATIONAL ASSOCIATION;731113;484409;986878;986878;1002382;1962589;57085490;2113626;48342919;1040947;2281944;2836517;7353251;1014128;69171552